url,city,name,loc
http://m.db.house.qq.com/hz_167691/,,中欧城,
http://m.db.house.qq.com/hz_166515/,,新奇世界·上影安吉,
http://m.db.house.qq.com/hz_166314/,,赞成一品,
http://m.db.house.qq.com/hz_166850/,,北辰奥园,
http://m.db.house.qq.com/hz_165748/,,空港新天地,
http://m.db.house.qq.com/hz_171568/,,玺雀5号,
http://m.db.house.qq.com/hz_166241/,,龙湖旭辉春江悦茗,
http://m.db.house.qq.com/hz_166509/,,金地广场,
http://m.db.house.qq.com/hz_166294/,,六和云,
http://m.db.house.qq.com/hz_166333/,,绿城桃李春风,
http://m.db.house.qq.com/hz_171609/,,淮矿东元府,
http://m.db.house.qq.com/hz_176207/,,协安玖墅,
http://m.db.house.qq.com/hz_176673/,,西溪9号,
http://m.db.house.qq.com/hz_176798/,,中国铁建西湖国际城,
http://m.db.house.qq.com/hz_178025/,,新城香悦公馆,
http://m.db.house.qq.com/hz_173428/,,滨江象牙海岸,
http://m.db.house.qq.com/hz_177984/,,融创涌清府,
http://m.db.house.qq.com/hz_128013/,,绿城千岛湖珍珠湾,
http://m.db.house.qq.com/hz_108904/,,杭州奥体博览城,
http://m.db.house.qq.com/hz_100419/,,可可城,
http://m.db.house.qq.com/hz_100316/,,蔚蓝国际大厦,
http://m.db.house.qq.com/hz_109256/,,万象城悦玺,
http://m.db.house.qq.com/hz_107549/,,杭州·中润中心,
http://m.db.house.qq.com/hz_109765/,,锦润东方世纪中心,
http://m.db.house.qq.com/hz_100144/,,绿景国际,
http://m.db.house.qq.com/hz_31196/,,君尚金座,
http://m.db.house.qq.com/hz_31244/,,明意公寓,
http://m.db.house.qq.com/hz_107450/,,杰立公馆,
http://m.db.house.qq.com/hz_31272/,,汉峰峰公馆,
http://m.db.house.qq.com/hz_111296/,,大象国际中心,
http://m.db.house.qq.com/hz_31204/,,中奥江锦国际,
http://m.db.house.qq.com/hz_31309/,,金成白云深处,
http://m.db.house.qq.com/hz_31315/,,湘湖居,
http://m.db.house.qq.com/hz_31320/,,龙祥隆和国际,
http://m.db.house.qq.com/hz_31340/,,德信大厦,
http://m.db.house.qq.com/hz_31367/,,天街,
http://m.db.house.qq.com/hz_30810/,,中豪望江国际,
http://m.db.house.qq.com/hz_30785/,,丁桥颐景园,
http://m.db.house.qq.com/hz_30927/,,浙商财富中心,
http://m.db.house.qq.com/hz_30820/,,和达自由港,
http://m.db.house.qq.com/hz_31045/,,宜家时代,
http://m.db.house.qq.com/hz_31139/,,原筑壹号,
http://m.db.house.qq.com/hz_30995/,,恒祺克拉公馆,
http://m.db.house.qq.com/hz_31019/,,万豪城,
http://m.db.house.qq.com/hz_30802/,,海运国际,
http://m.db.house.qq.com/hz_30701/,,天恒大厦,
http://m.db.house.qq.com/hz_30704/,,东方大厦,
http://m.db.house.qq.com/hz_30708/,,钱江国际时代广场,
http://m.db.house.qq.com/hz_30717/,,原筑壹号写字楼,
http://m.db.house.qq.com/hz_30724/,,世茂江滨cosmo,
http://m.db.house.qq.com/hz_30725/,,佰富时代中心,
http://m.db.house.qq.com/hz_30756/,,锦昌文华.锦品街,
http://m.db.house.qq.com/hz_30663/,,天行国际,
http://m.db.house.qq.com/hz_30667/,,金沙湖项目,
http://m.db.house.qq.com/hz_30778/,,五洲国际广场,
http://m.db.house.qq.com/hz_30761/,,中赢国际,
http://m.db.house.qq.com/hz_30680/,,德信德蓝广场,
http://m.db.house.qq.com/hz_30687/,,浙江商会大厦,
http://m.db.house.qq.com/hz_30674/,,杭州新天地,
http://m.db.house.qq.com/hz_30694/,,华成国际发展大厦,
http://m.db.house.qq.com/hz_30693/,,西港新界,
http://m.db.house.qq.com/hz_29062/,,润和信雅达国际,
http://m.db.house.qq.com/hz_30695/,,圣奥中央商务大厦,
http://m.db.house.qq.com/hz_30260/,,赞成太和广场,
http://m.db.house.qq.com/hz_30386/,,滨江万家花城,
http://m.db.house.qq.com/hz_30363/,,伊萨卡国际城,
http://m.db.house.qq.com/hz_30402/,,临平新天地,
http://m.db.house.qq.com/hz_30419/,,瑞晶国际大厦,
http://m.db.house.qq.com/hz_30516/,,荣安大厦,
http://m.db.house.qq.com/hz_31178/,,海辰水岸晶座,
http://m.db.house.qq.com/hz_111860/,,宝盛世纪中心,
http://m.db.house.qq.com/hz_30660/,,迪凯银座,
http://m.db.house.qq.com/hz_30696/,,汉嘉国际,
http://m.db.house.qq.com/hz_30781/,,星桥星天地,
http://m.db.house.qq.com/hz_30658/,,嘉里中心,
http://m.db.house.qq.com/hz_31372/,,银泰城,
http://m.db.house.qq.com/hz_30661/,,智格新城星座,
http://m.db.house.qq.com/hz_28525/,,野风现代之星,
http://m.db.house.qq.com/hz_28524/,,紫玉公馆,
http://m.db.house.qq.com/hz_28778/,,雷迪森财富中心,
http://m.db.house.qq.com/hz_172744/,,碧桂园西江月,
http://m.db.house.qq.com/hz_172940/,,万科海上明月,
http://m.db.house.qq.com/hz_173534/,,碧桂园珑悦,
http://m.db.house.qq.com/hz_160477/,,合景叠彩园,
http://m.db.house.qq.com/hz_173633/,,新城香悦奥府,
http://m.db.house.qq.com/hz_175293/,,创客空间,
http://m.db.house.qq.com/hz_174835/,,高润云杉郡,
http://m.db.house.qq.com/hz_172649/,,天润中心,
http://m.db.house.qq.com/hz_172816/,,九龙仓珑玺,
http://m.db.house.qq.com/hz_173055/,,盈都君悦,
http://m.db.house.qq.com/hz_173046/,,万科中央公园,
http://m.db.house.qq.com/hz_173004/,,天阳文晖,
http://m.db.house.qq.com/hz_161150/,,西溪泊岸,
http://m.db.house.qq.com/hz_170341/,,华元西溪欢乐城,
http://m.db.house.qq.com/hz_157670/,,众安白马御府,
http://m.db.house.qq.com/hz_175453/,,阳光城丽兹公馆,
http://m.db.house.qq.com/hz_167897/,,东日晴好,
http://m.db.house.qq.com/hz_174944/,,澳海香樟苑,
http://m.db.house.qq.com/hz_173007/,,招商雍和府,
http://m.db.house.qq.com/hz_174231/,,湖景居,
http://m.db.house.qq.com/hz_172707/,,广宇万科公园里,
http://m.db.house.qq.com/hz_172607/,,中国铁建·德信君宸,
http://m.db.house.qq.com/hz_174659/,,堂前二期,
http://m.db.house.qq.com/hz_142201/,,溪悦宸府,
http://m.db.house.qq.com/hz_160319/,,东南钱江蓝湾,
http://m.db.house.qq.com/hz_31321/,,九玺空间,
http://m.db.house.qq.com/hz_169236/,,保利中央公馆,
http://m.db.house.qq.com/hz_167177/,,玖玖国际财富中心,
http://m.db.house.qq.com/hz_153791/,,东新府,
http://m.db.house.qq.com/hz_122589/,,佳兆业君汇上品,
http://m.db.house.qq.com/hz_172328/,,龙湖滟澜星座,
http://m.db.house.qq.com/hz_165831/,,龙湖滨江天街|铂金岛,
http://m.db.house.qq.com/hz_173018/,,新城香悦半岛,
http://m.db.house.qq.com/hz_171270/,,万科锦云坊,
http://m.db.house.qq.com/hz_162261/,,凯德湖墅,
http://m.db.house.qq.com/hz_172107/,,绿都金域东方,
http://m.db.house.qq.com/hz_170617/,,向江来时代中心,
http://m.db.house.qq.com/hz_166957/,,钱塘大观,
http://m.db.house.qq.com/hz_31349/,,城发云锦城,
http://m.db.house.qq.com/hz_30937/,,中企艮山府,
http://m.db.house.qq.com/hz_148783/,,学院北麓,
http://m.db.house.qq.com/hz_127987/,,中旅城仕公馆,
http://m.db.house.qq.com/hz_176017/,,旭辉宽墅,
http://m.db.house.qq.com/hz_176441/,,玉泉二期·香樟洋房,
http://m.db.house.qq.com/hz_31308/,,康城一品,
http://m.db.house.qq.com/hz_31293/,,阳光郡,
http://m.db.house.qq.com/hz_177882/,,融信永兴首府,
http://m.db.house.qq.com/hz_177699/,,金地大运河府,
http://m.db.house.qq.com/hz_179199/,,和家园锦里,
http://m.db.house.qq.com/hz_177094/,,万科北宸之光·拱宸,
http://m.db.house.qq.com/hz_172423/,,莫干溪谷竹里庄,
http://m.db.house.qq.com/hz_167212/,,未来城二期,
http://m.db.house.qq.com/hz_166283/,,地铁绿城杨柳郡,
http://m.db.house.qq.com/hz_166391/,,东方一号,
http://m.db.house.qq.com/hz_145089/,,赞成杭家,
http://m.db.house.qq.com/hz_168634/,,金铂湾,
http://m.db.house.qq.com/hz_141355/,,易辰江南大院,
http://m.db.house.qq.com/hz_31377/,,蓝钻天成,
http://m.db.house.qq.com/hz_173373/,,绿城九龙仓柳岸晓风,
http://m.db.house.qq.com/hz_174780/,,融信学院府,
http://m.db.house.qq.com/hz_172973/,,中豪国际,
http://m.db.house.qq.com/hz_156076/,,尚堂府,
http://m.db.house.qq.com/hz_28783/,,浙大网新双城国际,
http://m.db.house.qq.com/hz_166503/,,绿城留香园,
http://m.db.house.qq.com/hz_175590/,,西湖美庐公馆,
http://m.db.house.qq.com/hz_172746/,,龙湖武林九里,
http://m.db.house.qq.com/hz_30858/,,武林壹号,
http://m.db.house.qq.com/hz_158619/,,富力十号,
http://m.db.house.qq.com/hz_178978/,,万科大家·九都会,
http://m.db.house.qq.com/hz_178801/,,祥生云浦新语,
http://m.db.house.qq.com/hz_154764/,,天城府,
http://m.db.house.qq.com/hz_158892/,,中南白马湖壹号,
http://m.db.house.qq.com/hz_159392/,,万科大都会79号,
http://m.db.house.qq.com/hz_158859/,,中国铁建·江南国际城,
http://m.db.house.qq.com/hz_179257/,,融创·溪涧堂,
http://m.db.house.qq.com/hz_179345/,,长龙·领航城,
http://m.db.house.qq.com/hz_158815/,,星运丽园兰逸,
http://m.db.house.qq.com/hz_158744/,,众安朝阳8号,
http://m.db.house.qq.com/hz_179678/,,首开杭州金茂府,
http://m.db.house.qq.com/hz_159309/,,农房尚海湾,
http://m.db.house.qq.com/hz_179704/,,绿城九龙仓·桂语江南,
http://m.db.house.qq.com/hz_159461/,,地铁东城广场,
http://m.db.house.qq.com/hz_160149/,,钱江御府,
http://m.db.house.qq.com/hz_179711/,,钱江彩虹府,
http://m.db.house.qq.com/hz_168995/,,复地壹中心,
http://m.db.house.qq.com/hz_112459/,,三盛颐景御园,
http://m.db.house.qq.com/hz_147673/,,绿城运河宸园,
http://m.db.house.qq.com/hz_156129/,,玲珑天城,
http://m.db.house.qq.com/hz_156534/,,蓝色嘉园,
http://m.db.house.qq.com/hz_159738/,,首开国风美域,
http://m.db.house.qq.com/hz_157222/,,GDC金地德圣中心,
http://m.db.house.qq.com/hz_157886/,,佳兆业西溪璞园,
http://m.db.house.qq.com/hz_157363/,,杭州印,
http://m.db.house.qq.com/hz_157825/,,萧山宝龙城市广场,
http://m.db.house.qq.com/hz_166282/,,顺发美哉美城,
http://m.db.house.qq.com/hz_163525/,,崇贤上亿广场,
http://m.db.house.qq.com/hz_158131/,,青枫墅园鹭语别墅,
http://m.db.house.qq.com/hz_164437/,,秋荷坊二期,
http://m.db.house.qq.com/hz_163010/,,昆仑华府,
http://m.db.house.qq.com/hz_164176/,,万科西庐二期,
http://m.db.house.qq.com/hz_162896/,,融信杭州公馆,
http://m.db.house.qq.com/hz_164706/,,万科大家世纪之光,
http://m.db.house.qq.com/hz_156774/,,融创瑷颐湾,
http://m.db.house.qq.com/hz_164577/,,之江富城,
http://m.db.house.qq.com/hz_164574/,,龙湖唐宁ONE,
http://m.db.house.qq.com/hz_160805/,,恒大城市之光,
http://m.db.house.qq.com/hz_161159/,,明石商业大厦,
http://m.db.house.qq.com/hz_161330/,,中顺上尚府,
http://m.db.house.qq.com/hz_158174/,,阳光城翡丽湾,
http://m.db.house.qq.com/hz_161226/,,励骏花园,
http://m.db.house.qq.com/hz_161339/,,凯全紫郡花苑,
http://m.db.house.qq.com/hz_164514/,,金隅学府,
http://m.db.house.qq.com/hz_161160/,,江山御墅,
http://m.db.house.qq.com/hz_161346/,,赛银国际广场,
http://m.db.house.qq.com/hz_162080/,,新天地文渊狮城,
http://m.db.house.qq.com/hz_160318/,,西溪君庐,
http://m.db.house.qq.com/hz_154080/,,赞成龙兴道一号,
http://m.db.house.qq.com/hz_155038/,,雨润星雨华府,
http://m.db.house.qq.com/hz_154290/,,绿都南江壹号,
http://m.db.house.qq.com/hz_154074/,,新城红郡,
http://m.db.house.qq.com/hz_179067/,,大江东宝龙广场,
http://m.db.house.qq.com/hz_154885/,,临平西子国际,
http://m.db.house.qq.com/hz_155885/,,澳海澜庭,
http://m.db.house.qq.com/hz_155868/,,广宇锦绣桃源,
http://m.db.house.qq.com/hz_155876/,,万豪国际,
http://m.db.house.qq.com/hz_154264/,,通和十二橡树,
http://m.db.house.qq.com/hz_158660/,,华润新鸿基天峦,
http://m.db.house.qq.com/hz_127363/,,千岛湖桃花园,
http://m.db.house.qq.com/hz_165249/,,万融城,
http://m.db.house.qq.com/hz_162525/,,义桥星天地,
http://m.db.house.qq.com/hz_167930/,,丰隆百翘香江,
http://m.db.house.qq.com/hz_168266/,,天阳尚座,
http://m.db.house.qq.com/hz_168930/,,东裕华庭,
http://m.db.house.qq.com/hz_167730/,,新天地中心,
http://m.db.house.qq.com/hz_160166/,,阳光城上府,
http://m.db.house.qq.com/hz_169036/,,融创东南海,
http://m.db.house.qq.com/hz_169758/,,顺发旭辉国悦府,
http://m.db.house.qq.com/hz_169105/,,和家园·拾墅,
http://m.db.house.qq.com/hz_167196/,,御金台国际中心,
http://m.db.house.qq.com/hz_169881/,,港中旅·灵峰原著小镇,
http://m.db.house.qq.com/hz_169793/,,景瑞悦西台,
http://m.db.house.qq.com/hz_155961/,,融创河滨之城,
http://m.db.house.qq.com/hz_117530/,,博地中心,
http://m.db.house.qq.com/hz_124152/,,港丽望京,
http://m.db.house.qq.com/hz_127128/,,美好国际大厦,
http://m.db.house.qq.com/hz_113232/,,琥珀中心,
http://m.db.house.qq.com/hz_124653/,,永晟佳美大厦,
http://m.db.house.qq.com/hz_127273/,,昊元之江时代中心,
http://m.db.house.qq.com/hz_126079/,,丰元国际大厦,
http://m.db.house.qq.com/hz_117076/,,杭海商业中心,
http://m.db.house.qq.com/hz_126581/,,西溪谷国际商务中心,
http://m.db.house.qq.com/hz_126990/,,汇峰国际,
http://m.db.house.qq.com/hz_127120/,,九川星汇城,
http://m.db.house.qq.com/hz_154635/,,中铁商业街,
http://m.db.house.qq.com/hz_140719/,,金沙国际酒店式公寓,
http://m.db.house.qq.com/hz_127135/,,亚都大厦,
http://m.db.house.qq.com/hz_127144/,,华城和瑞科技广场,
http://m.db.house.qq.com/hz_127198/,,华峰国际商务大厦,
http://m.db.house.qq.com/hz_127203/,,润西溪,
http://m.db.house.qq.com/hz_127205/,,德力西大厦,
http://m.db.house.qq.com/hz_127206/,,振泽左右办公世界,
http://m.db.house.qq.com/hz_127209/,,大唐商务大厦,
http://m.db.house.qq.com/hz_127220/,,海宁银泰城,
http://m.db.house.qq.com/hz_127270/,,浙宝大厦,
http://m.db.house.qq.com/hz_30969/,,昆仑天籁,
http://m.db.house.qq.com/hz_30706/,,中豪五福天地,
http://m.db.house.qq.com/hz_30722/,,宜家时代,
http://m.db.house.qq.com/hz_30812/,,万科金色家园,
http://m.db.house.qq.com/hz_30803/,,绿都金域三江,
http://m.db.house.qq.com/hz_30716/,,杭州东部国际商务中心（IBC）,
http://m.db.house.qq.com/hz_30814/,,顺发和美家,
http://m.db.house.qq.com/hz_30710/,,广厦天都城·温莎花园,
http://m.db.house.qq.com/hz_30784/,,绿城临安钱王文化广场,
http://m.db.house.qq.com/hz_30992/,,文茂万和国际,
http://m.db.house.qq.com/hz_30999/,,大华西溪风情,
http://m.db.house.qq.com/hz_31000/,,星星港湾,
http://m.db.house.qq.com/hz_30994/,,野风珑园,
http://m.db.house.qq.com/hz_31002/,,通和南岸花城,
http://m.db.house.qq.com/hz_30714/,,盛泰名都中心,
http://m.db.house.qq.com/hz_31004/,,金成江南春城庭院深深,
http://m.db.house.qq.com/hz_31010/,,杭州阳明谷,
http://m.db.house.qq.com/hz_30973/,,青山鹤岭,
http://m.db.house.qq.com/hz_30970/,,保利城市果岭,
http://m.db.house.qq.com/hz_30977/,,绿城集团52号地块,
http://m.db.house.qq.com/hz_30980/,,得力名门世家,
http://m.db.house.qq.com/hz_30971/,,宝仕隆集团40号地块,
http://m.db.house.qq.com/hz_30984/,,东和时代,
http://m.db.house.qq.com/hz_30987/,,贝利珑昕泽第,
http://m.db.house.qq.com/hz_30990/,,远洋大河宸章,
http://m.db.house.qq.com/hz_31011/,,广大同城印象,
http://m.db.house.qq.com/hz_31005/,,金成竹海水韵,
http://m.db.house.qq.com/hz_30983/,,保利香槟国际,
http://m.db.house.qq.com/hz_30952/,,方正荷塘月色,
http://m.db.house.qq.com/hz_30953/,,华盛达阅城,
http://m.db.house.qq.com/hz_30956/,,府尚别墅,
http://m.db.house.qq.com/hz_30959/,,东方公馆,
http://m.db.house.qq.com/hz_30993/,,大华海派风范,
http://m.db.house.qq.com/hz_30965/,,天翔憬天国际,
http://m.db.house.qq.com/hz_30979/,,杭州碧桂园,
http://m.db.house.qq.com/hz_30964/,,德信北海公园,
http://m.db.house.qq.com/hz_30940/,,江苏华广房产8号地块,
http://m.db.house.qq.com/hz_30941/,,新中宇维萨,
http://m.db.house.qq.com/hz_30942/,,余政挂出(2010)62号地块,
http://m.db.house.qq.com/hz_30943/,,同创恒瑞名座,
http://m.db.house.qq.com/hz_30944/,,蓝江四季晶品,
http://m.db.house.qq.com/hz_30958/,,中豪四季公馆,
http://m.db.house.qq.com/hz_30955/,,元丰庆春御府,
http://m.db.house.qq.com/hz_30949/,,华鸿36号地块,
http://m.db.house.qq.com/hz_30948/,,龙祥房产35号地块,
http://m.db.house.qq.com/hz_30945/,,裕丰青鸟香石公寓,
http://m.db.house.qq.com/hz_30966/,,半岛国际,
http://m.db.house.qq.com/hz_30950/,,滨江凯旋门,
http://m.db.house.qq.com/hz_30917/,,耀达金鼎阳光,
http://m.db.house.qq.com/hz_30923/,,嘉凯城名城公馆,
http://m.db.house.qq.com/hz_30924/,,馨华园南湖天下,
http://m.db.house.qq.com/hz_30920/,,铂金名筑,
http://m.db.house.qq.com/hz_30925/,,亿丰蔚蓝郡,
http://m.db.house.qq.com/hz_30934/,,中粮方圆府,
http://m.db.house.qq.com/hz_30936/,,浙江万厦23号地块,
http://m.db.house.qq.com/hz_30902/,,棕榈阳光,
http://m.db.house.qq.com/hz_30929/,,高运学林尚苑,
http://m.db.house.qq.com/hz_30903/,,昆湖玺之湾,
http://m.db.house.qq.com/hz_30898/,,华元美林公馆,
http://m.db.house.qq.com/hz_30907/,,富源观唐骊景,
http://m.db.house.qq.com/hz_30908/,,滨江金色黎明,
http://m.db.house.qq.com/hz_30928/,,美好桂花金座,
http://m.db.house.qq.com/hz_30909/,,赞成良著,
http://m.db.house.qq.com/hz_30910/,,汇禾禧福汇,
http://m.db.house.qq.com/hz_30904/,,广厦天都城·爱尚公寓,
http://m.db.house.qq.com/hz_30883/,,德圣博奥城,
http://m.db.house.qq.com/hz_30915/,,万银国际二期,
http://m.db.house.qq.com/hz_30886/,,佳苑玉都枫景,
http://m.db.house.qq.com/hz_30887/,,升华璞墅,
http://m.db.house.qq.com/hz_30891/,,万亚金沙湖1号,
http://m.db.house.qq.com/hz_30885/,,和达东东城,
http://m.db.house.qq.com/hz_30890/,,和润园,
http://m.db.house.qq.com/hz_30818/,,荣邦水岸莲花,
http://m.db.house.qq.com/hz_30895/,,朗诗田园绿郡,
http://m.db.house.qq.com/hz_30821/,,西房云溪印象,
http://m.db.house.qq.com/hz_30951/,,建工丽晶湾,
http://m.db.house.qq.com/hz_30829/,,东南花城名苑,
http://m.db.house.qq.com/hz_30884/,,盛泰时代山,
http://m.db.house.qq.com/hz_30828/,,太阳城花园,
http://m.db.house.qq.com/hz_30832/,,林之语嘉园,
http://m.db.house.qq.com/hz_30834/,,卓越杭州时代广场,
http://m.db.house.qq.com/hz_30838/,,钱江水晶城,
http://m.db.house.qq.com/hz_30916/,,万泰新语,
http://m.db.house.qq.com/hz_30896/,,德信臻园,
http://m.db.house.qq.com/hz_30475/,,伟邦江南明月,
http://m.db.house.qq.com/hz_30897/,,德信中外公寓,
http://m.db.house.qq.com/hz_30602/,,莱茵旺角七号,
http://m.db.house.qq.com/hz_30938/,,滨江紫金府,
http://m.db.house.qq.com/hz_30659/,,泰地洄龙湖邸,
http://m.db.house.qq.com/hz_30664/,,泛海国际中心,
http://m.db.house.qq.com/hz_30656/,,九龙仓璞俪洋房,
http://m.db.house.qq.com/hz_30836/,,永安圆乡名筑,
http://m.db.house.qq.com/hz_30689/,,创美华彩国际,
http://m.db.house.qq.com/hz_30839/,,莱德绅华府,
http://m.db.house.qq.com/hz_30690/,,万华创新科技大厦,
http://m.db.house.qq.com/hz_30698/,,中华钱塘航空大厦,
http://m.db.house.qq.com/hz_29174/,,坤和西溪里,
http://m.db.house.qq.com/hz_30685/,,华盛达阅城悦公馆,
http://m.db.house.qq.com/hz_29214/,,金溪园,
http://m.db.house.qq.com/hz_29252/,,翡翠城西泠苑,
http://m.db.house.qq.com/hz_30233/,,朗诗国际街区,
http://m.db.house.qq.com/hz_28945/,,大华西溪风情澄品,
http://m.db.house.qq.com/hz_30382/,,闲林山水,
http://m.db.house.qq.com/hz_30276/,,星光大道（星光国际公馆）,
http://m.db.house.qq.com/hz_30388/,,野风海天城,
http://m.db.house.qq.com/hz_30417/,,阳光华城,
http://m.db.house.qq.com/hz_157135/,,博风创意大厦,
http://m.db.house.qq.com/hz_160297/,,上峰电子商务产业园,
http://m.db.house.qq.com/hz_162843/,,之江发展大厦,
http://m.db.house.qq.com/hz_127212/,,南北盛德国际,
http://m.db.house.qq.com/hz_28085/,,汇锦中央府,
http://m.db.house.qq.com/hz_28145/,,联合格里,
http://m.db.house.qq.com/hz_163105/,,华润大厦,
http://m.db.house.qq.com/hz_28149/,,海陆世贸中心,
http://m.db.house.qq.com/hz_28644/,,潮人汇大厦,
http://m.db.house.qq.com/hz_30865/,,和达城,
http://m.db.house.qq.com/hz_30867/,,东冠逸景花苑,
http://m.db.house.qq.com/hz_30864/,,信达柳郡,
http://m.db.house.qq.com/hz_30875/,,凯德龙湾,
http://m.db.house.qq.com/hz_30843/,,巴比松法式风情商业区,
http://m.db.house.qq.com/hz_30877/,,绿城云栖玫瑰园,
http://m.db.house.qq.com/hz_30869/,,象山国际广场,
http://m.db.house.qq.com/hz_30851/,,岛上锦源,
http://m.db.house.qq.com/hz_30878/,,绿城西子杭州御园,
http://m.db.house.qq.com/hz_30853/,,鸿茂八墅octvillas,
http://m.db.house.qq.com/hz_30871/,,绿都金域兰庭,
http://m.db.house.qq.com/hz_30850/,,同人广场,
http://m.db.house.qq.com/hz_30847/,,星桥桂花城,
http://m.db.house.qq.com/hz_30859/,,西墅锦园,
http://m.db.house.qq.com/hz_30854/,,绿城翡翠湾,
http://m.db.house.qq.com/hz_30862/,,华元天鹅堡,
http://m.db.house.qq.com/hz_127294/,,瑞麒时代,
http://m.db.house.qq.com/hz_127319/,,江南时代广场,
http://m.db.house.qq.com/hz_127317/,,临平华都广场,
http://m.db.house.qq.com/hz_127331/,,恒策西城时代,
http://m.db.house.qq.com/hz_127370/,,云峰大厦,
http://m.db.house.qq.com/hz_127478/,,紫荆大厦,
http://m.db.house.qq.com/hz_30870/,,润和西溪郡,
http://m.db.house.qq.com/hz_127481/,,外海西湖国贸大厦,
http://m.db.house.qq.com/hz_127479/,,华联UDC时代,
http://m.db.house.qq.com/hz_127490/,,光典大厦,
http://m.db.house.qq.com/hz_30860/,,中铁田逸之星逸轩,
http://m.db.house.qq.com/hz_30699/,,新世界柏丽轩,
http://m.db.house.qq.com/hz_30468/,,怡乐银座,
http://m.db.house.qq.com/hz_30816/,,坚果2.0,
http://m.db.house.qq.com/hz_30863/,,大山第,
http://m.db.house.qq.com/hz_30882/,,郡原华浙九润公寓,
http://m.db.house.qq.com/hz_30841/,,弘通丁兰广场,
http://m.db.house.qq.com/hz_141561/,,永翔嘉顺中心,
http://m.db.house.qq.com/hz_140998/,,武林时代商务中心,
http://m.db.house.qq.com/hz_145032/,,莱蒙水榭春天,
http://m.db.house.qq.com/hz_28834/,,金瑞大厦,
http://m.db.house.qq.com/hz_127878/,,尚品商务楼,
http://m.db.house.qq.com/hz_145112/,,钱塘壹号,
http://m.db.house.qq.com/hz_145407/,,御湘湖,
http://m.db.house.qq.com/hz_150872/,,天阳宾购时尚街区,
http://m.db.house.qq.com/hz_127882/,,联合新苑,
http://m.db.house.qq.com/hz_127911/,,浙江财富·金融中心,
http://m.db.house.qq.com/hz_127920/,,杭州西溪印象城,
http://m.db.house.qq.com/hz_153194/,,西溪靖源国际,
http://m.db.house.qq.com/hz_153775/,,绿城蒲公英天地,
http://m.db.house.qq.com/hz_127952/,,万佳居MALL,
http://m.db.house.qq.com/hz_127956/,,大华华领国际,
http://m.db.house.qq.com/hz_147057/,,银泰城国际服务公寓,
http://m.db.house.qq.com/hz_127968/,,博货品牌商城,
http://m.db.house.qq.com/hz_127986/,,机场商务楼,
http://m.db.house.qq.com/hz_127971/,,海杰德大厦,
http://m.db.house.qq.com/hz_132872/,,春漫里商铺,
http://m.db.house.qq.com/hz_31038/,,润和亿城嘉园,
http://m.db.house.qq.com/hz_31039/,,华盛达格兰维亚,
http://m.db.house.qq.com/hz_31040/,,青山湖81号,
http://m.db.house.qq.com/hz_31033/,,西房云溪香山,
http://m.db.house.qq.com/hz_31037/,,万均九月庭院,
http://m.db.house.qq.com/hz_31034/,,滨江花园,
http://m.db.house.qq.com/hz_31041/,,千岛湖滨江度假酒店别墅,
http://m.db.house.qq.com/hz_31036/,,荣正山水半岛,
http://m.db.house.qq.com/hz_31043/,,绿城风华苑,
http://m.db.house.qq.com/hz_31044/,,九龙一号,
http://m.db.house.qq.com/hz_31029/,,金色阳光,
http://m.db.house.qq.com/hz_31156/,,美达北城天地,
http://m.db.house.qq.com/hz_31157/,,东润枫华,
http://m.db.house.qq.com/hz_31162/,,红杉雅园,
http://m.db.house.qq.com/hz_31150/,,中海雅戈尔篁外,
http://m.db.house.qq.com/hz_31151/,,you盘时代,
http://m.db.house.qq.com/hz_31152/,,德嘉金沙阳光,
http://m.db.house.qq.com/hz_31154/,,星洲竹影翠庭,
http://m.db.house.qq.com/hz_31155/,,科尔南城景园,
http://m.db.house.qq.com/hz_31163/,,赛丽绿城丽园,
http://m.db.house.qq.com/hz_31106/,,大华海派风景,
http://m.db.house.qq.com/hz_31108/,,大成名座,
http://m.db.house.qq.com/hz_31251/,,赛丽绿城慧园,
http://m.db.house.qq.com/hz_31234/,,元一柏庄黄山大观,
http://m.db.house.qq.com/hz_31217/,,元都新苑,
http://m.db.house.qq.com/hz_31201/,,天阳九筑,
http://m.db.house.qq.com/hz_31185/,,万马樱花雅苑,
http://m.db.house.qq.com/hz_31114/,,公元名家,
http://m.db.house.qq.com/hz_31091/,,西溪天堂悦居,
http://m.db.house.qq.com/hz_31111/,,金世纪星运丽园,
http://m.db.house.qq.com/hz_31115/,,良渚文化村白鹭郡南,
http://m.db.house.qq.com/hz_31110/,,天阳观筑,
http://m.db.house.qq.com/hz_31109/,,东方一品,
http://m.db.house.qq.com/hz_31117/,,雅戈尔西溪晴雪,
http://m.db.house.qq.com/hz_31263/,,品立方,
http://m.db.house.qq.com/hz_107535/,,复地又一城,
http://m.db.house.qq.com/hz_31116/,,雅戈尔御西湖,
http://m.db.house.qq.com/hz_95332/,,东和云第,
http://m.db.house.qq.com/hz_31265/,,万科草庄,
http://m.db.house.qq.com/hz_31267/,,德信泊林印象,
http://m.db.house.qq.com/hz_111764/,,申瑞国际,
http://m.db.house.qq.com/hz_109253/,,万科良渚文化村柳映坊三期,
http://m.db.house.qq.com/hz_117965/,,德信晓宸,
http://m.db.house.qq.com/hz_100135/,,迪凯运河印象,
http://m.db.house.qq.com/hz_113299/,,万华1号,
http://m.db.house.qq.com/hz_113173/,,中和北宸府,
http://m.db.house.qq.com/hz_112313/,,奇景家苑,
http://m.db.house.qq.com/hz_107867/,,西溪MOHO,
http://m.db.house.qq.com/hz_117890/,,世包国际中心,
http://m.db.house.qq.com/hz_109130/,,万科良渚文化村七贤郡,
http://m.db.house.qq.com/hz_107977/,,复地上城,
http://m.db.house.qq.com/hz_117747/,,万科紫台,
http://m.db.house.qq.com/hz_108014/,,华枫名苑,
http://m.db.house.qq.com/hz_107862/,,新义郡,
http://m.db.house.qq.com/hz_108929/,,东方铭楼,
http://m.db.house.qq.com/hz_116208/,,德信东望,
http://m.db.house.qq.com/hz_108944/,,安吉金都香溪丽舍,
http://m.db.house.qq.com/hz_116646/,,龙湖春江彼岸,
http://m.db.house.qq.com/hz_109056/,,广厦天都城·爵士花园,
http://m.db.house.qq.com/hz_109062/,,广厦天都城·蓝调公寓,
http://m.db.house.qq.com/hz_100163/,,美达晓城天地,
http://m.db.house.qq.com/hz_100306/,,江南风尚铭楼,
http://m.db.house.qq.com/hz_100347/,,Yhome公寓,
http://m.db.house.qq.com/hz_100970/,,金色时代,
http://m.db.house.qq.com/hz_109041/,,森和湖漫雅筑,
http://m.db.house.qq.com/hz_100314/,,云都美浓小镇,
http://m.db.house.qq.com/hz_100624/,,桔子里,
http://m.db.house.qq.com/hz_107479/,,西溪壹树,
http://m.db.house.qq.com/hz_95352/,,大家之江悦,
http://m.db.house.qq.com/hz_98694/,,美好桂花星座,
http://m.db.house.qq.com/hz_98716/,,广大逸品,
http://m.db.house.qq.com/hz_107413/,,香山四季公馆,
http://m.db.house.qq.com/hz_98936/,,华鼎君临阁,
http://m.db.house.qq.com/hz_99950/,,江湾绿苑,
http://m.db.house.qq.com/hz_98187/,,博凡湘湖九号,
http://m.db.house.qq.com/hz_99939/,,伟邦江南名都,
http://m.db.house.qq.com/hz_95361/,,众安白马山庄,
http://m.db.house.qq.com/hz_99988/,,万马伊顿庄园,
http://m.db.house.qq.com/hz_77429/,,清水公寓上岛公馆,
http://m.db.house.qq.com/hz_76253/,,华元云溪竹境,
http://m.db.house.qq.com/hz_107389/,,中天官河锦庭,
http://m.db.house.qq.com/hz_95296/,,良渚文化村柳映坊,
http://m.db.house.qq.com/hz_77430/,,嘉信九悦印象,
http://m.db.house.qq.com/hz_78025/,,首业御东湾,
http://m.db.house.qq.com/hz_31268/,,中意名仕苑,
http://m.db.house.qq.com/hz_77431/,,金瑞城市风景,
http://m.db.house.qq.com/hz_74503/,,远洋心里,
http://m.db.house.qq.com/hz_31276/,,桂花星城,
http://m.db.house.qq.com/hz_31121/,,瑞博国际,
http://m.db.house.qq.com/hz_31275/,,恒合金座,
http://m.db.house.qq.com/hz_31122/,,塘栖金石华城,
http://m.db.house.qq.com/hz_31270/,,文溪鼎园,
http://m.db.house.qq.com/hz_31123/,,冠宇隽园,
http://m.db.house.qq.com/hz_31128/,,风雅乐府,
http://m.db.house.qq.com/hz_31125/,,万科公望,
http://m.db.house.qq.com/hz_31126/,,西溪望庄,
http://m.db.house.qq.com/hz_31124/,,远洋杭州大运河商务区,
http://m.db.house.qq.com/hz_31254/,,绿都湖滨花园,
http://m.db.house.qq.com/hz_31253/,,滨江曙光之城,
http://m.db.house.qq.com/hz_31131/,,海陆un公社,
http://m.db.house.qq.com/hz_31271/,,绿城蘭园,
http://m.db.house.qq.com/hz_31130/,,绿城蓝色钱江,
http://m.db.house.qq.com/hz_31255/,,水乡华庭,
http://m.db.house.qq.com/hz_31256/,,玉榕庄,
http://m.db.house.qq.com/hz_31258/,,贝利栖溪公馆,
http://m.db.house.qq.com/hz_31252/,,盈都揽悦,
http://m.db.house.qq.com/hz_31369/,,树兰昆源项目,
http://m.db.house.qq.com/hz_31259/,,安佳北郡,
http://m.db.house.qq.com/hz_31366/,,雍熙山,
http://m.db.house.qq.com/hz_31378/,,富春崇贤金属港,
http://m.db.house.qq.com/hz_31371/,,百大绿城西子国际,
http://m.db.house.qq.com/hz_31260/,,金帝海珀,
http://m.db.house.qq.com/hz_39688/,,远洋·V SOHO,
http://m.db.house.qq.com/hz_74276/,,瑞和园,
http://m.db.house.qq.com/hz_31373/,,蓝城观云小镇,
http://m.db.house.qq.com/hz_31257/,,瑞立东方花城,
http://m.db.house.qq.com/hz_31351/,,万盛商贸城,
http://m.db.house.qq.com/hz_74284/,,凯瑞金座,
http://m.db.house.qq.com/hz_31353/,,绿都嘉丰公馆,
http://m.db.house.qq.com/hz_31356/,,和合财富中心,
http://m.db.house.qq.com/hz_31355/,,华盛达西雅城,
http://m.db.house.qq.com/hz_31375/,,保利霞飞郡,
http://m.db.house.qq.com/hz_31326/,,财和湘域湾,
http://m.db.house.qq.com/hz_31358/,,积家5号,
http://m.db.house.qq.com/hz_31361/,,华盛达堂巢,
http://m.db.house.qq.com/hz_31352/,,富越香郡,
http://m.db.house.qq.com/hz_31357/,,科尔南城嘉园,
http://m.db.house.qq.com/hz_31360/,,荣安望江南,
http://m.db.house.qq.com/hz_31336/,,绿都四季华庭,
http://m.db.house.qq.com/hz_31334/,,绿城财通中心,
http://m.db.house.qq.com/hz_31344/,,美好桂花溪园,
http://m.db.house.qq.com/hz_31328/,,莱骏泊悦府,
http://m.db.house.qq.com/hz_31339/,,滨江钱塘印象,
http://m.db.house.qq.com/hz_31346/,,紫荆园老年养生公寓,
http://m.db.house.qq.com/hz_31298/,,钱江西溪新座,
http://m.db.house.qq.com/hz_31345/,,石榴派,
http://m.db.house.qq.com/hz_31304/,,保利玫瑰湾,
http://m.db.house.qq.com/hz_31305/,,中天西城纪,
http://m.db.house.qq.com/hz_31331/,,精欧荣寓,
http://m.db.house.qq.com/hz_31313/,,贝利栖溪望府,
http://m.db.house.qq.com/hz_31281/,,德信早城,
http://m.db.house.qq.com/hz_31316/,,绿野微博公馆,
http://m.db.house.qq.com/hz_31317/,,五月花城,
http://m.db.house.qq.com/hz_31322/,,创智金宸,
http://m.db.house.qq.com/hz_31282/,,世茂钱塘帝景,
http://m.db.house.qq.com/hz_31319/,,温莎郡,
http://m.db.house.qq.com/hz_31310/,,龙湖香醍溪岸,
http://m.db.house.qq.com/hz_31284/,,保利湾天地,
http://m.db.house.qq.com/hz_31285/,,宏厦香洲里,
http://m.db.house.qq.com/hz_31288/,,名城湖左岸,
http://m.db.house.qq.com/hz_31283/,,栖水珑庭,
http://m.db.house.qq.com/hz_31291/,,蹓跶公寓,
http://m.db.house.qq.com/hz_31286/,,世茂广场天誉,
http://m.db.house.qq.com/hz_31132/,,恒远锦绣兰庭,
http://m.db.house.qq.com/hz_31262/,,中港金岸提香,
http://m.db.house.qq.com/hz_31280/,,寰宇天下,
http://m.db.house.qq.com/hz_74391/,,万科探梅里臻藏版,
http://m.db.house.qq.com/hz_31290/,,世茂西西湖,
http://m.db.house.qq.com/hz_31325/,,鑫福万泰华庭,
http://m.db.house.qq.com/hz_31237/,,凤祥名城大公馆,
http://m.db.house.qq.com/hz_31348/,,耀翔悦尚,
http://m.db.house.qq.com/hz_31239/,,金马同盛,
http://m.db.house.qq.com/hz_31240/,,筑品金座,
http://m.db.house.qq.com/hz_31245/,,杭州宏丰家居城宏丰公寓,
http://m.db.house.qq.com/hz_31246/,,金鹭倾城一品,
http://m.db.house.qq.com/hz_31362/,,府尚公馆,
http://m.db.house.qq.com/hz_31247/,,金日紫爵公寓,
http://m.db.house.qq.com/hz_31297/,,南北乐章,
http://m.db.house.qq.com/hz_31248/,,天乐浅隐山,
http://m.db.house.qq.com/hz_31242/,,美郡园,
http://m.db.house.qq.com/hz_31250/,,华元爱丁郡,
http://m.db.house.qq.com/hz_31218/,,中海紫藤苑,
http://m.db.house.qq.com/hz_31224/,,新山水御园,
http://m.db.house.qq.com/hz_31222/,,巨都桂花城,
http://m.db.house.qq.com/hz_31219/,,江南铭庭,
http://m.db.house.qq.com/hz_31228/,,顺发一品江山,
http://m.db.house.qq.com/hz_31223/,,万马万锦山庄,
http://m.db.house.qq.com/hz_31227/,,世茂首府,
http://m.db.house.qq.com/hz_31202/,,积家,
http://m.db.house.qq.com/hz_31210/,,望城,
http://m.db.house.qq.com/hz_31209/,,阳光景台,
http://m.db.house.qq.com/hz_31214/,,泊金湾,
http://m.db.house.qq.com/hz_31230/,,龙湖滟澜山,
http://m.db.house.qq.com/hz_31188/,,秀水山居,
http://m.db.house.qq.com/hz_31186/,,赞成香颂,
http://m.db.house.qq.com/hz_31189/,,绿城西子紫兰公寓,
http://m.db.house.qq.com/hz_31226/,,保利江语海,
http://m.db.house.qq.com/hz_31212/,,万科西溪蝶园二期,
http://m.db.house.qq.com/hz_31193/,,钱塘梧桐燕庐,
http://m.db.house.qq.com/hz_31194/,,复地复城国际,
http://m.db.house.qq.com/hz_31195/,,郡原九衡公寓,
http://m.db.house.qq.com/hz_31213/,,众安启航社,
http://m.db.house.qq.com/hz_31190/,,绿城明月江南,
http://m.db.house.qq.com/hz_31197/,,金顺锦绣时代,
http://m.db.house.qq.com/hz_31168/,,开景景丽华庭,
http://m.db.house.qq.com/hz_31198/,,嘉威江南水乡,
http://m.db.house.qq.com/hz_31171/,,三江名爵商务公馆,
http://m.db.house.qq.com/hz_31170/,,大家武林府,
http://m.db.house.qq.com/hz_31177/,,幸福佳苑,
http://m.db.house.qq.com/hz_31172/,,恒逸金榈湾,
http://m.db.house.qq.com/hz_31179/,,莫干山华盛达山庄,
http://m.db.house.qq.com/hz_31176/,,华鸿罗兰春天,
http://m.db.house.qq.com/hz_31092/,,檀溪别墅,
http://m.db.house.qq.com/hz_31093/,,富春红郡,
http://m.db.house.qq.com/hz_31181/,,华润翠庭,
http://m.db.house.qq.com/hz_31180/,,永富铂晶中心,
http://m.db.house.qq.com/hz_31097/,,江南文苑,
http://m.db.house.qq.com/hz_31098/,,天鸿君邑,
http://m.db.house.qq.com/hz_31096/,,世茂江滨花园,
http://m.db.house.qq.com/hz_31104/,,保利东湾,
http://m.db.house.qq.com/hz_31100/,,绿城紫桂公寓,
http://m.db.house.qq.com/hz_31080/,,中兴和园,
http://m.db.house.qq.com/hz_31102/,,滨江城市之星,
http://m.db.house.qq.com/hz_31082/,,东海柠檬郡,
http://m.db.house.qq.com/hz_31079/,,瑞金华翠嘉苑,
http://m.db.house.qq.com/hz_31078/,,泊林漫谷,
http://m.db.house.qq.com/hz_31083/,,同方国际,
http://m.db.house.qq.com/hz_31084/,,华门新西湖小镇,
http://m.db.house.qq.com/hz_31085/,,广宇东承府,
http://m.db.house.qq.com/hz_31062/,,名城燕园,
http://m.db.house.qq.com/hz_31064/,,良渚文化村阳光天际,
http://m.db.house.qq.com/hz_31087/,,嘉里桦枫居,
http://m.db.house.qq.com/hz_31066/,,丁香花园,
http://m.db.house.qq.com/hz_31065/,,铭鹤花园,
http://m.db.house.qq.com/hz_31063/,,湖光山社,
http://m.db.house.qq.com/hz_31046/,,华源福临花苑,
http://m.db.house.qq.com/hz_31071/,,盛元蓝爵国际,
http://m.db.house.qq.com/hz_31072/,,南北西岸,
http://m.db.house.qq.com/hz_31048/,,瑞金华庭嘉苑,
http://m.db.house.qq.com/hz_31068/,,圣奥领寓,
http://m.db.house.qq.com/hz_31047/,,金都城市芯宇,
http://m.db.house.qq.com/hz_31050/,,新帝朗郡,
http://m.db.house.qq.com/hz_31051/,,西城时代家园,
http://m.db.house.qq.com/hz_31052/,,绿城丽江公寓,
http://m.db.house.qq.com/hz_31053/,,中凯东方红街,
http://m.db.house.qq.com/hz_31059/,,绿城桐庐玫瑰园,
http://m.db.house.qq.com/hz_31135/,,赞成美树,
http://m.db.house.qq.com/hz_31137/,,华元领骏世界,
http://m.db.house.qq.com/hz_31057/,,复地连城国际,
http://m.db.house.qq.com/hz_31069/,,青枫墅园,
http://m.db.house.qq.com/hz_31136/,,溪山美墅,
http://m.db.house.qq.com/hz_31142/,,绿城丁香公馆,
http://m.db.house.qq.com/hz_31164/,,方正360空间,
http://m.db.house.qq.com/hz_31143/,,东城印象,
http://m.db.house.qq.com/hz_31145/,,双溪竹海雅苑,
http://m.db.house.qq.com/hz_31118/,,汇鑫星汇荣邸,
http://m.db.house.qq.com/hz_31133/,,滨江万家星城,
http://m.db.house.qq.com/hz_31138/,,大家多立方,
http://m.db.house.qq.com/hz_31148/,,绿城西溪诚园,
http://m.db.house.qq.com/hz_31089/,,城建锦昌年华,
http://m.db.house.qq.com/hz_31060/,,郡原一江春水,
http://m.db.house.qq.com/hz_31149/,,天邑国际,
http://m.db.house.qq.com/hz_31076/,,华瑞湘湖美地,
http://m.db.house.qq.com/hz_31017/,,吴越山庄,
http://m.db.house.qq.com/hz_31014/,,广源盛世嘉园,
http://m.db.house.qq.com/hz_31015/,,华业南岸晶都,
http://m.db.house.qq.com/hz_31016/,,天乐云都,
http://m.db.house.qq.com/hz_31018/,,中都青山湖畔,
http://m.db.house.qq.com/hz_31013/,,理想四维理想家园,
http://m.db.house.qq.com/hz_31020/,,福雷德广场,
http://m.db.house.qq.com/hz_31026/,,黄鹤山居,
http://m.db.house.qq.com/hz_31105/,,金地自在城,
http://m.db.house.qq.com/hz_31028/,,绿城蓝庭·花园洋房,
http://m.db.house.qq.com/hz_127194/,,伟邦江南绿园,
http://m.db.house.qq.com/hz_126554/,,郡原蓝湖国际,
http://m.db.house.qq.com/hz_127211/,,滨江一号公馆,
http://m.db.house.qq.com/hz_127191/,,金水湾,
http://m.db.house.qq.com/hz_127184/,,绿尚春江城堡,
http://m.db.house.qq.com/hz_127315/,,汇金锦绣学府,
http://m.db.house.qq.com/hz_126932/,,丽晶国际,
http://m.db.house.qq.com/hz_127174/,,绿城蓝色春江,
http://m.db.house.qq.com/hz_127268/,,江南名苑,
http://m.db.house.qq.com/hz_127309/,,东方君兰中心,
http://m.db.house.qq.com/hz_126466/,,十方别墅,
http://m.db.house.qq.com/hz_127922/,,绿野春天,
http://m.db.house.qq.com/hz_127445/,,润和半岛别墅,
http://m.db.house.qq.com/hz_121979/,,望江府,
http://m.db.house.qq.com/hz_141936/,,金地申花里,
http://m.db.house.qq.com/hz_141940/,,怡丰城,
http://m.db.house.qq.com/hz_142328/,,摩尔庄园,
http://m.db.house.qq.com/hz_142734/,,林溪闲庭,
http://m.db.house.qq.com/hz_142834/,,江南美墅,
http://m.db.house.qq.com/hz_144500/,,广厦天都城·紫韵公寓,
http://m.db.house.qq.com/hz_140284/,,上亿广场,
http://m.db.house.qq.com/hz_141142/,,滨江金色江南,
http://m.db.house.qq.com/hz_145091/,,恒鼎博邑郡,
http://m.db.house.qq.com/hz_156354/,,万科君望,
http://m.db.house.qq.com/hz_156385/,,合景瑜翠园,
http://m.db.house.qq.com/hz_156948/,,龙湖春江郦城,
http://m.db.house.qq.com/hz_157143/,,永宏名座,
http://m.db.house.qq.com/hz_157251/,,钱塘玫瑰湾,
http://m.db.house.qq.com/hz_31233/,,树兰书香名邸,
http://m.db.house.qq.com/hz_142203/,,东海闲湖城印象加州,
http://m.db.house.qq.com/hz_161170/,,山水圣邸,
http://m.db.house.qq.com/hz_168031/,,美丽湾,
http://m.db.house.qq.com/hz_157328/,,上亿中央郡,
http://m.db.house.qq.com/hz_141455/,,万通上园新新家园,
http://m.db.house.qq.com/hz_157732/,,中天官河别墅,
http://m.db.house.qq.com/hz_164501/,,德信浙旅东宸,
http://m.db.house.qq.com/hz_158024/,,杭州滨江宝龙城市广场,
http://m.db.house.qq.com/hz_30774/,,宋都香悦郡,
http://m.db.house.qq.com/hz_127280/,,华成科技广场,
http://m.db.house.qq.com/hz_127877/,,三宏国际大厦,
http://m.db.house.qq.com/hz_157633/,,坤和求是里,
http://m.db.house.qq.com/hz_127384/,,世茂中心,
http://m.db.house.qq.com/hz_127322/,,义蓬购物中心,
http://m.db.house.qq.com/hz_128004/,,凯达商务大厦,
http://m.db.house.qq.com/hz_128002/,,铧广科技大厦,
http://m.db.house.qq.com/hz_30833/,,北湖绿洲花园,
http://m.db.house.qq.com/hz_30840/,,逸居城,
http://m.db.house.qq.com/hz_30845/,,坤和西溪新天地,
http://m.db.house.qq.com/hz_30852/,,中大西郊半岛,
http://m.db.house.qq.com/hz_30846/,,大华西野风韵,
http://m.db.house.qq.com/hz_30844/,,恒厚阳光城,
http://m.db.house.qq.com/hz_30872/,,协安紫郡,
http://m.db.house.qq.com/hz_30/,,华展国际公寓,
http://m.db.house.qq.com/hz_28807/,,欣北钱江国际大厦,
http://m.db.house.qq.com/hz_30861/,,山湖印,
http://m.db.house.qq.com/hz_30855/,,西溪玫瑰,
http://m.db.house.qq.com/hz_29107/,,顺发旺角城二期,
http://m.db.house.qq.com/hz_28867/,,杭州上林院,
http://m.db.house.qq.com/hz_30123/,,杭州香港城,
http://m.db.house.qq.com/hz_29081/,,万科郡西,
http://m.db.house.qq.com/hz_30868/,,中旅紫蝶苑,
http://m.db.house.qq.com/hz_131283/,,C.C.TOWN-西溪堂,
http://m.db.house.qq.com/hz_30662/,,迪凯金座,
http://m.db.house.qq.com/hz_30665/,,杭州万通中心,
http://m.db.house.qq.com/hz_132589/,,杭州万达广场,
http://m.db.house.qq.com/hz_31335/,,莱茵矩阵国际,
http://m.db.house.qq.com/hz_31379/,,星耀城,
http://m.db.house.qq.com/hz_30679/,,杭州来福士中心,
http://m.db.house.qq.com/hz_30666/,,东方君悦,
http://m.db.house.qq.com/hz_132615/,,象山大厦,
http://m.db.house.qq.com/hz_31342/,,西溪壹号,
http://m.db.house.qq.com/hz_123875/,,绿地中央广场,
http://m.db.house.qq.com/hz_178099/,,绿谷·杭州东部创新中心,
http://m.db.house.qq.com/hz_175728/,,绿都·国金中心,
http://m.db.house.qq.com/hz_127204/,,浙大网新银湖科技园,
http://m.db.house.qq.com/hz_101026/,,中天MCC,
http://m.db.house.qq.com/hz_127129/,,赞成中心,
http://m.db.house.qq.com/hz_172883/,,江东壹号,
http://m.db.house.qq.com/hz_127216/,,西瑞大厦,
http://m.db.house.qq.com/hz_176670/,,迪凯城星国际,
http://m.db.house.qq.com/hz_179727/,,融创金成·未来海,
http://m.db.house.qq.com/hz_179690/,,禹洲·滨之江,
http://m.db.house.qq.com/hz_175733/,,杭州法瑞渔具体育用品城,
http://m.db.house.qq.com/hz_122600/,,保亿中心,
http://m.db.house.qq.com/hz_179242/,,明盛国际,
http://m.db.house.qq.com/hz_177398/,,顺丰创新中心,
http://m.db.house.qq.com/hz_173015/,,江南养生文化村,
http://m.db.house.qq.com/hz_175007/,,绿城梧桐郡,
http://m.db.house.qq.com/hz_169242/,,余之城,
http://m.db.house.qq.com/hz_174003/,,钱江浙商创投中心,
http://m.db.house.qq.com/hz_176206/,,云玺中心,
http://m.db.house.qq.com/hz_177539/,,万美摩登中心,
http://m.db.house.qq.com/hz_167121/,,远洋国际中心,
http://m.db.house.qq.com/hz_160275/,,富越香郡盈座,
http://m.db.house.qq.com/hz_167785/,,中赢金城里,
http://m.db.house.qq.com/hz_165007/,,西溪银泰城,
http://m.db.house.qq.com/hz_142195/,,金隅smart,
http://m.db.house.qq.com/hz_168155/,,亿合中心,
http://m.db.house.qq.com/hz_177395/,,中新大厦,
http://m.db.house.qq.com/hz_169010/,,金色大唐城,
http://m.db.house.qq.com/hz_168044/,,金色西溪商务中心,
http://m.db.house.qq.com/hz_167735/,,东亚新干线,
http://m.db.house.qq.com/hz_158180/,,创智一号,
http://m.db.house.qq.com/hz_169161/,,赞成世纪广场,
http://m.db.house.qq.com/hz_161673/,,杭州平安金融中心,
http://m.db.house.qq.com/hz_160797/,,天贸广场,
http://m.db.house.qq.com/hz_162871/,,华联钱塘公馆,
http://m.db.house.qq.com/hz_159134/,,原禾大厦,
http://m.db.house.qq.com/hz_122492/,,万顺国际,
http://m.db.house.qq.com/hz_165060/,,海智创业茂,
http://m.db.house.qq.com/hz_159548/,,越秀维多利中心,
http://m.db.house.qq.com/hz_166577/,,相寓,
http://m.db.house.qq.com/hz_165935/,,交投绿城明珠国际,
http://m.db.house.qq.com/hz_148694/,,国泰科技大厦,
http://m.db.house.qq.com/hz_154814/,,金骏大厦,
http://m.db.house.qq.com/hz_151680/,,佳源银座,
http://m.db.house.qq.com/hz_155731/,,西溪首座,
http://m.db.house.qq.com/hz_157410/,,天城国际写字楼,
http://m.db.house.qq.com/hz_140483/,,城市e谷,
http://m.db.house.qq.com/hz_141452/,,嘉和花园,
http://m.db.house.qq.com/hz_154562/,,诺德财富中心,
http://m.db.house.qq.com/hz_154071/,,东方时代中心,
http://m.db.house.qq.com/hz_153429/,,杭州港龙城,
http://m.db.house.qq.com/hz_157180/,,华联星光时代,
http://m.db.house.qq.com/hz_140594/,,太平洋银座,
http://m.db.house.qq.com/hz_143592/,,西溪诚品商务中心,
http://m.db.house.qq.com/hz_139607/,,正易上塘春苑,
http://m.db.house.qq.com/hz_142919/,,申悦国际,
http://m.db.house.qq.com/hz_144597/,,郡原公元里,
http://m.db.house.qq.com/hz_140992/,,盛奥西溪铭座,
http://m.db.house.qq.com/hz_142469/,,CBC时代大观,
http://m.db.house.qq.com/hz_165379/,,沈半路灯具市场（鹏龙商务大厦）,
http://m.db.house.qq.com/hz_144902/,,银泰国际,
http://m.db.house.qq.com/hz_157491/,,绿城西溪世纪广场,
http://m.db.house.qq.com/hz_177835/,,天达广场,
http://m.db.house.qq.com/hz_166753/,,合诚之江商务中心,
http://m.db.house.qq.com/hz_177736/,,江和美海洋生活广场,
http://m.db.house.qq.com/hz_127228/,,富亿NEO中心,
http://m.db.house.qq.com/hz_28112/,,华成天地墅园,
http://m.db.house.qq.com/hz_172754/,,天都城·天澜,
http://m.db.house.qq.com/hz_123889/,,保亿风景晨园,
http://m.db.house.qq.com/hz_149276/,,佳源名城,
http://m.db.house.qq.com/hz_146228/,,绿城西溪国际,
http://m.db.house.qq.com/hz_30837/,,广厦天都城·天漾,
http://m.db.house.qq.com/hz_177153/,,绿地中心·杭州之门,
http://m.db.house.qq.com/hz_30676/,,世纪之星（暂名）,
http://m.db.house.qq.com/hz_157755/,,越秀星汇悦城,
http://m.db.house.qq.com/hz_170444/,,中天九溪诚品,
http://m.db.house.qq.com/hz_160026/,,开元名都祺寓,
http://m.db.house.qq.com/hz_174114/,,新农都公馆,
http://m.db.house.qq.com/hz_31347/,,万科堂前,
http://m.db.house.qq.com/hz_167743/,,绿城江南里,
http://m.db.house.qq.com/hz_169035/,,天阳凤起,
http://m.db.house.qq.com/hz_169739/,,世茂智慧之门,
http://m.db.house.qq.com/hz_126605/,,景瑞御蓝湾,
http://m.db.house.qq.com/hz_158671/,,新天地G193广场,
http://m.db.house.qq.com/hz_30972/,,宋都东郡国际,
http://m.db.house.qq.com/hz_153144/,,朗诗花漫里,
http://m.db.house.qq.com/hz_170913/,,万科桂语里,
http://m.db.house.qq.com/hz_172288/,,中赢康康谷,
http://m.db.house.qq.com/hz_153038/,,黄龙金茂悦,
http://m.db.house.qq.com/hz_174626/,,马也·美上,
http://m.db.house.qq.com/hz_171160/,,野风秋雅,
http://m.db.house.qq.com/hz_167503/,,远洋香奈,
http://m.db.house.qq.com/hz_171325/,,远洋万和四季,
http://m.db.house.qq.com/hz_164517/,,通和波士顿公寓,
http://m.db.house.qq.com/hz_165333/,,艺博家居,
http://m.db.house.qq.com/hz_165790/,,新城金镶玉,
http://m.db.house.qq.com/hz_165672/,,大业江东府,
http://m.db.house.qq.com/hz_165457/,,宋都橄榄墅,
http://m.db.house.qq.com/hz_166222/,,交通晓时代,
http://m.db.house.qq.com/hz_167737/,,品悦府,
http://m.db.house.qq.com/hz_154084/,,大家运河之星,
http://m.db.house.qq.com/hz_166452/,,天阳明朗,
http://m.db.house.qq.com/hz_161334/,,桐城府,
http://m.db.house.qq.com/hz_166279/,,大悦城中粮天悦商铺,
http://m.db.house.qq.com/hz_161316/,,励骏置地广场,
http://m.db.house.qq.com/hz_161335/,,美庐新城,
http://m.db.house.qq.com/hz_161331/,,美伦美郡,
http://m.db.house.qq.com/hz_161188/,,天阳尚景国际二期,
http://m.db.house.qq.com/hz_161337/,,萧宏·普罗旺斯,
http://m.db.house.qq.com/hz_158795/,,复地爱伦坡,
http://m.db.house.qq.com/hz_161342/,,新滨金色春江,
http://m.db.house.qq.com/hz_162901/,,万科坤和玉泉,
http://m.db.house.qq.com/hz_159649/,,安居临江金座,
http://m.db.house.qq.com/hz_159218/,,运通网城,
http://m.db.house.qq.com/hz_160619/,,精峰世纪大厦,
http://m.db.house.qq.com/hz_161113/,,嘉信国际,
http://m.db.house.qq.com/hz_159945/,,天悦时代,
http://m.db.house.qq.com/hz_160326/,,四季广场,
http://m.db.house.qq.com/hz_164403/,,中豪七格,
http://m.db.house.qq.com/hz_145993/,,大华西溪风情澄宫,
http://m.db.house.qq.com/hz_160496/,,经纬御贤府,
http://m.db.house.qq.com/hz_147300/,,金雅苑,
http://m.db.house.qq.com/hz_148623/,,顺发富春峰景,
http://m.db.house.qq.com/hz_145451/,,万科大家钱塘府,
http://m.db.house.qq.com/hz_160562/,,中天之江诚品,
http://m.db.house.qq.com/hz_149551/,,云福嘉苑,
http://m.db.house.qq.com/hz_132883/,,卓能河畔轩,
http://m.db.house.qq.com/hz_149007/,,新城山语院,
http://m.db.house.qq.com/hz_146137/,,天阳晴朗,
http://m.db.house.qq.com/hz_152091/,,景瑞申花壹号院,
http://m.db.house.qq.com/hz_133327/,,新弘良渚璞台,
http://m.db.house.qq.com/hz_133200/,,广宇上东城,
http://m.db.house.qq.com/hz_134598/,,西江银座,
http://m.db.house.qq.com/hz_133795/,,万科公园大道,
http://m.db.house.qq.com/hz_134315/,,南大暖东,
http://m.db.house.qq.com/hz_127991/,,华都龙山庄园,
http://m.db.house.qq.com/hz_140185/,,宋都天润,
http://m.db.house.qq.com/hz_138269/,,建业金座,
http://m.db.house.qq.com/hz_149430/,,碧桂园·滨湖城,
http://m.db.house.qq.com/hz_133319/,,滨江万家名城,
http://m.db.house.qq.com/hz_127993/,,万商国际铂金座,
http://m.db.house.qq.com/hz_128006/,,江南铭楼,
http://m.db.house.qq.com/hz_128998/,,富力西溪悦居,
http://m.db.house.qq.com/hz_131275/,,世博临杭龙渡广场,
http://m.db.house.qq.com/hz_129015/,,方正御星,
http://m.db.house.qq.com/hz_131968/,,龙公馆,
http://m.db.house.qq.com/hz_128089/,,杭州乔司商城,
http://m.db.house.qq.com/hz_131976/,,运河玲珑香榭南苑,
http://m.db.house.qq.com/hz_127959/,,中兴墩莳家园,
http://m.db.house.qq.com/hz_127942/,,圣泓工业设计创意园,
http://m.db.house.qq.com/hz_127937/,,大华西溪风情悦宫,
http://m.db.house.qq.com/hz_127951/,,绿野春天叠翠谷,
http://m.db.house.qq.com/hz_127954/,,西溪天堂,
http://m.db.house.qq.com/hz_127970/,,褐石公馆,
http://m.db.house.qq.com/hz_127978/,,浒畔居,
http://m.db.house.qq.com/hz_127979/,,鸿港华庭,
http://m.db.house.qq.com/hz_127962/,,西溪诚园致诚苑,
http://m.db.house.qq.com/hz_154221/,,江盛江南岸,
http://m.db.house.qq.com/hz_154804/,,高运高庄,
http://m.db.house.qq.com/hz_154887/,,东站西子国际,
http://m.db.house.qq.com/hz_154812/,,琅琴湾,
http://m.db.house.qq.com/hz_155666/,,兴耀鑫都汇,
http://m.db.house.qq.com/hz_154919/,,中国铁建国际公馆,
http://m.db.house.qq.com/hz_155939/,,高运莱茵传奇,
http://m.db.house.qq.com/hz_156085/,,万宝城,
http://m.db.house.qq.com/hz_152374/,,东海金沙T台,
http://m.db.house.qq.com/hz_155863/,,海威钱塘之星,
http://m.db.house.qq.com/hz_152878/,,朗诗未来街区东园,
http://m.db.house.qq.com/hz_152397/,,新城西溪逸境,
http://m.db.house.qq.com/hz_153622/,,绿城蓝庭·小日子,
http://m.db.house.qq.com/hz_152961/,,新农都永泰名苑,
http://m.db.house.qq.com/hz_153070/,,钱江君庭,
http://m.db.house.qq.com/hz_152376/,,融信蓝孔雀,
http://m.db.house.qq.com/hz_152669/,,万科良渚文化村未来城,
http://m.db.house.qq.com/hz_158248/,,万科金辰之光,
http://m.db.house.qq.com/hz_132866/,,浙江堡业投资17号地块,
http://m.db.house.qq.com/hz_127982/,,钱江星河国际商业广场,
http://m.db.house.qq.com/hz_153731/,,德信早安,
http://m.db.house.qq.com/hz_152366/,,上亿SOHO,
http://m.db.house.qq.com/hz_145249/,,临江时代花苑,
http://m.db.house.qq.com/hz_140200/,,世茂东壹号,
http://m.db.house.qq.com/hz_156125/,,野风春晓,
http://m.db.house.qq.com/hz_123179/,,凯喜雅锦河湾,
http://m.db.house.qq.com/hz_123398/,,华源天盛中心,
http://m.db.house.qq.com/hz_122148/,,绿城元福里,
http://m.db.house.qq.com/hz_123944/,,万科随园嘉树,
http://m.db.house.qq.com/hz_124064/,,杭钢·紫玉福邸,
http://m.db.house.qq.com/hz_123169/,,保利唐宁十号府,
http://m.db.house.qq.com/hz_154213/,,花园道壹号,
http://m.db.house.qq.com/hz_123175/,,泰美国际大厦（TIME国际）,
http://m.db.house.qq.com/hz_122899/,,绿城巧园,
http://m.db.house.qq.com/hz_127486/,,亿龙君合商务楼,
http://m.db.house.qq.com/hz_127462/,,横店玫瑰星城,
http://m.db.house.qq.com/hz_127508/,,绿城秀丽春江,
http://m.db.house.qq.com/hz_127456/,,柳桥南和城,
http://m.db.house.qq.com/hz_124316/,,中交悦西溪,
http://m.db.house.qq.com/hz_127551/,,广业金禾嘉园,
http://m.db.house.qq.com/hz_127553/,,元成时代中心,
http://m.db.house.qq.com/hz_127907/,,飞虹丁香花园,
http://m.db.house.qq.com/hz_127529/,,中兴景冉佳园,
http://m.db.house.qq.com/hz_127452/,,豪波西溪润景,
http://m.db.house.qq.com/hz_127320/,,中置御江山,
http://m.db.house.qq.com/hz_127325/,,华门亮堂,
http://m.db.house.qq.com/hz_127330/,,丁兰商业中心,
http://m.db.house.qq.com/hz_127323/,,武林华府,
http://m.db.house.qq.com/hz_127338/,,华盛星洲翠谷,
http://m.db.house.qq.com/hz_127351/,,滨江时代,
http://m.db.house.qq.com/hz_127401/,,天福财智大厦,
http://m.db.house.qq.com/hz_127318/,,重汽嘉泽苑,
http://m.db.house.qq.com/hz_118231/,,德清时代广场,
http://m.db.house.qq.com/hz_127327/,,绿都嘉华公馆,
http://m.db.house.qq.com/hz_118706/,,天阳尚景国际,
http://m.db.house.qq.com/hz_120860/,,玲珑府,
http://m.db.house.qq.com/hz_118878/,,朗诗未来街区,
http://m.db.house.qq.com/hz_120795/,,中海西溪华府,
http://m.db.house.qq.com/hz_121977/,,绿城西溪融庄,
http://m.db.house.qq.com/hz_119222/,,半岛国际半岛壹号,
http://m.db.house.qq.com/hz_121634/,,万科璞悦湾,
http://m.db.house.qq.com/hz_120798/,,万科北宸之光,
http://m.db.house.qq.com/hz_30914/,,日信国际,
http://m.db.house.qq.com/hz_30918/,,欣盛东方福邸,
http://m.db.house.qq.com/hz_30913/,,山水水印林语,
http://m.db.house.qq.com/hz_30926/,,金基观岛,
http://m.db.house.qq.com/hz_30946/,,中国铁建国际城,
http://m.db.house.qq.com/hz_30912/,,银杏汇,
http://m.db.house.qq.com/hz_30906/,,红景凯丽晶座,
http://m.db.house.qq.com/hz_30947/,,朗诗美丽洲,
http://m.db.house.qq.com/hz_30954/,,和达御观邸,
http://m.db.house.qq.com/hz_30957/,,佳兆业玖珑山,
http://m.db.house.qq.com/hz_31146/,,金都莫干山阳光田园,
http://m.db.house.qq.com/hz_31031/,,新明半岛,
http://m.db.house.qq.com/hz_31261/,,同人精华,
http://m.db.house.qq.com/hz_31042/,,坤和和家园,
http://m.db.house.qq.com/hz_31024/,,锦绣钱塘,
http://m.db.house.qq.com/hz_31049/,,公元沐桥,
http://m.db.house.qq.com/hz_31088/,,华鼎君临天下城,
http://m.db.house.qq.com/hz_30989/,,金都西花庭·山景洋房,
http://m.db.house.qq.com/hz_31027/,,绿野春天翠谷幽兰,
http://m.db.house.qq.com/hz_31054/,,金宇云水山居,
http://m.db.house.qq.com/hz_31056/,,绿城千岛湖度假公寓,
http://m.db.house.qq.com/hz_31061/,,同方春江燕语,
http://m.db.house.qq.com/hz_31073/,,宋都阳光国际,
http://m.db.house.qq.com/hz_30960/,,金地天逸,
http://m.db.house.qq.com/hz_30961/,,天鸿香榭里,
http://m.db.house.qq.com/hz_123084/,,杭州天安富春硅谷,
http://m.db.house.qq.com/hz_114902/,,尚美名府,
http://m.db.house.qq.com/hz_30968/,,众安嘉润公馆,
http://m.db.house.qq.com/hz_30962/,,野风山,
http://m.db.house.qq.com/hz_31327/,,钱江西溪和景,
http://m.db.house.qq.com/hz_30963/,,国恒西溪公馆,
http://m.db.house.qq.com/hz_153978/,,融创富春壹号院,
http://m.db.house.qq.com/hz_169200/,,东晖龙悦湾,
http://m.db.house.qq.com/hz_73474/,,广宇鼎悦府,
http://m.db.house.qq.com/hz_31364/,,九龙仓雍景山,
http://m.db.house.qq.com/hz_125403/,,绿城莲园,
http://m.db.house.qq.com/hz_126885/,,兴耀星悦湾,
http://m.db.house.qq.com/hz_127170/,,千岛湖七星花园,
http://m.db.house.qq.com/hz_107485/,,华瑞晴庐,
http://m.db.house.qq.com/hz_30975/,,滨江西溪明珠,
http://m.db.house.qq.com/hz_174054/,,万科星空,
http://m.db.house.qq.com/hz_127190/,,江和城,
http://m.db.house.qq.com/hz_127147/,,万星悦城·春江美庐,
http://m.db.house.qq.com/hz_127119/,,中栋国际,
http://m.db.house.qq.com/hz_31363/,,九龙仓君廷,
http://m.db.house.qq.com/hz_31269/,,九龙仓君玺,
http://m.db.house.qq.com/hz_172924/,,万科新都会1958,
http://m.db.house.qq.com/hz_174682/,,首开望宸,
http://m.db.house.qq.com/hz_152418/,,西墅绿洲,
http://m.db.house.qq.com/hz_156690/,,理想西溪金座,
http://m.db.house.qq.com/hz_153017/,,江滨澜廷,
http://m.db.house.qq.com/hz_149564/,,嘉里云荷廷,
http://m.db.house.qq.com/hz_153186/,,恒大·澜悦帝景湾,
http://m.db.house.qq.com/hz_153047/,,鹭栖湖,
http://m.db.house.qq.com/hz_153444/,,宝丽金庭,
http://m.db.house.qq.com/hz_153386/,,德信大家钱江府,
http://m.db.house.qq.com/hz_31192/,,绿城西子田园牧歌,
http://m.db.house.qq.com/hz_153544/,,富春硅谷麓园,
http://m.db.house.qq.com/hz_153463/,,华鼎君临天峯,
http://m.db.house.qq.com/hz_153768/,,景瑞申花郡,
http://m.db.house.qq.com/hz_127192/,,云都凤凰城,
http://m.db.house.qq.com/hz_123359/,,万星悦城,
http://m.db.house.qq.com/hz_127207/,,春天华府,
http://m.db.house.qq.com/hz_123357/,,爱尚里,
http://m.db.house.qq.com/hz_127197/,,大家小墅,
http://m.db.house.qq.com/hz_123420/,,锦润公寓,
http://m.db.house.qq.com/hz_124076/,,宇恒明月星城,
http://m.db.house.qq.com/hz_123965/,,万科西庐,
http://m.db.house.qq.com/hz_146801/,,山水国际,
http://m.db.house.qq.com/hz_124178/,,美都御府,
http://m.db.house.qq.com/hz_123806/,,水岸瑶琳,
http://m.db.house.qq.com/hz_148695/,,雍华府,
http://m.db.house.qq.com/hz_149030/,,哨兵汤鼎一號,
http://m.db.house.qq.com/hz_149274/,,富阳宝龙城市广场,
http://m.db.house.qq.com/hz_123643/,,保利梧桐语,
http://m.db.house.qq.com/hz_151675/,,富邦最佳西方精装名邸,
http://m.db.house.qq.com/hz_123892/,,中国铁建青秀城,
http://m.db.house.qq.com/hz_149267/,,中天珺府,
http://m.db.house.qq.com/hz_152312/,,杭州美致生活广场,
http://m.db.house.qq.com/hz_152098/,,海联云客里,
http://m.db.house.qq.com/hz_139746/,,西溪壹树悦玺,
http://m.db.house.qq.com/hz_140996/,,得力名望府,
http://m.db.house.qq.com/hz_142175/,,桐庐碧桂园,
http://m.db.house.qq.com/hz_151409/,,联合畔上居,
http://m.db.house.qq.com/hz_136094/,,得力郡望府,
http://m.db.house.qq.com/hz_140361/,,鼎园九礼,
http://m.db.house.qq.com/hz_144899/,,宝嘉誉峰,
http://m.db.house.qq.com/hz_135826/,,金地格林格林,
http://m.db.house.qq.com/hz_143792/,,金都阳光樾府,
http://m.db.house.qq.com/hz_137817/,,尚城·墅,
http://m.db.house.qq.com/hz_137914/,,鑫福浦园,
http://m.db.house.qq.com/hz_144631/,,景瑞御华府,
http://m.db.house.qq.com/hz_139165/,,世茂华家池天宸,
http://m.db.house.qq.com/hz_130995/,,高尔夫小镇,
http://m.db.house.qq.com/hz_137317/,,中海御道,
http://m.db.house.qq.com/hz_131450/,,润和橙家,
http://m.db.house.qq.com/hz_144349/,,潮闻天下,
http://m.db.house.qq.com/hz_142830/,,广大融城印象,
http://m.db.house.qq.com/hz_131979/,,顺发恒园,
http://m.db.house.qq.com/hz_133807/,,龙达国际大厦,
http://m.db.house.qq.com/hz_133336/,,香格名苑,
http://m.db.house.qq.com/hz_133314/,,鸿宁一号公馆,
http://m.db.house.qq.com/hz_139166/,,绿地华家池印,
http://m.db.house.qq.com/hz_132120/,,万科良渚文化村秋荷坊,
http://m.db.house.qq.com/hz_127474/,,顺发随园,
http://m.db.house.qq.com/hz_127517/,,公园城,
http://m.db.house.qq.com/hz_127948/,,浙大创新科技园,
http://m.db.house.qq.com/hz_127884/,,富春新天地,
http://m.db.house.qq.com/hz_127493/,,赞成赞城,
http://m.db.house.qq.com/hz_127994/,,江南明城金座,
http://m.db.house.qq.com/hz_134593/,,世茂之西湖,
http://m.db.house.qq.com/hz_128007/,,华成天地泊庄,
http://m.db.house.qq.com/hz_133781/,,龙湖名景台,
http://m.db.house.qq.com/hz_127975/,,仁合银庭,
http://m.db.house.qq.com/hz_127266/,,西溪财富中心,
http://m.db.house.qq.com/hz_127311/,,九龙湾,
http://m.db.house.qq.com/hz_127290/,,千岛湖柏润国际花园,
http://m.db.house.qq.com/hz_127999/,,成龙官山邸,
http://m.db.house.qq.com/hz_127224/,,恒生科技园,
http://m.db.house.qq.com/hz_127333/,,绿城九龙仓钱塘明月,
http://m.db.house.qq.com/hz_124619/,,瑞金华丽嘉苑,
http://m.db.house.qq.com/hz_127359/,,富阳财富中心,
http://m.db.house.qq.com/hz_127386/,,绿城春江明月,
http://m.db.house.qq.com/hz_127374/,,玉龙湾,
http://m.db.house.qq.com/hz_127221/,,运河天城国际公寓,
http://m.db.house.qq.com/hz_144957/,,西溪阳光,
http://m.db.house.qq.com/hz_152389/,,置鼎明珠1号,
http://m.db.house.qq.com/hz_139225/,,万星悦城·燕庐,
http://m.db.house.qq.com/hz_127422/,,秋水览山,
http://m.db.house.qq.com/hz_129011/,,天阳尚城国际,
http://m.db.house.qq.com/hz_116059/,,万马百骊府,
http://m.db.house.qq.com/hz_127428/,,金诺加州洋房,
http://m.db.house.qq.com/hz_118102/,,汇宇和庭,
http://m.db.house.qq.com/hz_135044/,,九浪山花园,
http://m.db.house.qq.com/hz_116053/,,汇禾领府,
http://m.db.house.qq.com/hz_120771/,,荀庄,
http://m.db.house.qq.com/hz_122242/,,鑫运时代金座,
http://m.db.house.qq.com/hz_122535/,,绿城曼陀花园,
http://m.db.house.qq.com/hz_109151/,,南苑大美公寓,
http://m.db.house.qq.com/hz_119122/,,澜山公馆,
http://m.db.house.qq.com/hz_122542/,,莱茵知己,
http://m.db.house.qq.com/hz_109750/,,英冠天地,
http://m.db.house.qq.com/hz_112075/,,爵仕汇,
http://m.db.house.qq.com/hz_122610/,,中国铁建国际花园,
http://m.db.house.qq.com/hz_112079/,,六合浅山,
http://m.db.house.qq.com/hz_108007/,,东方御府,
http://m.db.house.qq.com/hz_112290/,,金街美地,
http://m.db.house.qq.com/hz_114275/,,大都尚澜,
http://m.db.house.qq.com/hz_112069/,,麦佳汇,
http://m.db.house.qq.com/hz_98698/,,明华佳乐苑,
http://m.db.house.qq.com/hz_98938/,,至高钱塘一品,
http://m.db.house.qq.com/hz_110805/,,融创金成·西溪海小海,
http://m.db.house.qq.com/hz_74282/,,融创瑷骊山,
http://m.db.house.qq.com/hz_74505/,,天鸿美和院,
http://m.db.house.qq.com/hz_31368/,,绿城蓝庭·伍重院,
http://m.db.house.qq.com/hz_99153/,,顺发江南丽锦,
http://m.db.house.qq.com/hz_99103/,,九悦江南,
http://m.db.house.qq.com/hz_95333/,,万和玺园,
http://m.db.house.qq.com/hz_31365/,,九龙仓世纪华府,
http://m.db.house.qq.com/hz_98937/,,世纪晶钻,
http://m.db.house.qq.com/hz_31376/,,麒麟山庄,
http://m.db.house.qq.com/hz_73104/,,复地黄龙和山,
http://m.db.house.qq.com/hz_31370/,,凯文杭庄,
http://m.db.house.qq.com/hz_73447/,,开元广场,
http://m.db.house.qq.com/hz_31329/,,中粮云涛名苑,
http://m.db.house.qq.com/hz_73024/,,绿城玉兰花园,
http://m.db.house.qq.com/hz_31374/,,融创水榭山,
http://m.db.house.qq.com/hz_99123/,,金隅观澜时代钓鱼台,
http://m.db.house.qq.com/hz_31343/,,西溪龙御,
http://m.db.house.qq.com/hz_31337/,,九龙仓碧玺,
http://m.db.house.qq.com/hz_31359/,,建境巧克力公馆,
http://m.db.house.qq.com/hz_31332/,,武林外滩,
http://m.db.house.qq.com/hz_31350/,,锦尚唐宁郡,
http://m.db.house.qq.com/hz_73116/,,金昌春和钱塘,
http://m.db.house.qq.com/hz_31333/,,华润新鸿基之江九里,
http://m.db.house.qq.com/hz_31306/,,美莱国际中心,
http://m.db.house.qq.com/hz_31307/,,新华园,
http://m.db.house.qq.com/hz_31341/,,赞成檀府,
http://m.db.house.qq.com/hz_31354/,,科尔世纪外滩,
http://m.db.house.qq.com/hz_31300/,,中大银泰城,
http://m.db.house.qq.com/hz_31302/,,银领时代,
http://m.db.house.qq.com/hz_30981/,,金隅田员外,
http://m.db.house.qq.com/hz_31314/,,宝龙城市广场,
http://m.db.house.qq.com/hz_31311/,,侨福一品高尔夫公馆,
http://m.db.house.qq.com/hz_30985/,,杭州水天城,
http://m.db.house.qq.com/hz_31324/,,杭州高德置地广场,
http://m.db.house.qq.com/hz_30986/,,绿城富春玫瑰园,
http://m.db.house.qq.com/hz_31318/,,富越香溪,
http://m.db.house.qq.com/hz_31323/,,众安理想湾,
http://m.db.house.qq.com/hz_31184/,,德意空港国际,
http://m.db.house.qq.com/hz_31208/,,绿城西子青山湖玫瑰园,
http://m.db.house.qq.com/hz_31191/,,绿城富春和园,
http://m.db.house.qq.com/hz_31220/,,千岛湖墅,
http://m.db.house.qq.com/hz_31183/,,泰地北上新城,
http://m.db.house.qq.com/hz_31229/,,绿城乌镇雅园,
http://m.db.house.qq.com/hz_31232/,,钱塘梧桐蓝山,
http://m.db.house.qq.com/hz_31221/,,绿野御墅,
http://m.db.house.qq.com/hz_30991/,,保利原乡,
http://m.db.house.qq.com/hz_30997/,,西城博司,
http://m.db.house.qq.com/hz_31241/,,万科良渚文化村春漫里,
http://m.db.house.qq.com/hz_30996/,,金城华府,
http://m.db.house.qq.com/hz_31003/,,东海水景城,
http://m.db.house.qq.com/hz_31001/,,贺田尚城璟湾,
http://m.db.house.qq.com/hz_31007/,,绿城·杭州桃花源,
http://m.db.house.qq.com/hz_31012/,,理想康城国际,
http://m.db.house.qq.com/hz_31006/,,新湖香格里拉,
http://m.db.house.qq.com/hz_31160/,,郡原列岛花园,
http://m.db.house.qq.com/hz_31009/,,集美岸上蓝山,
http://m.db.house.qq.com/hz_31158/,,中顺上尚庭,
http://m.db.house.qq.com/hz_31166/,,众安景海湾,
http://m.db.house.qq.com/hz_31167/,,融创金成·西溪海,
http://m.db.house.qq.com/hz_31165/,,悦麒美寓,
http://m.db.house.qq.com/hz_31174/,,绿城玉园,
http://m.db.house.qq.com/hz_31175/,,潮都华庭,
http://m.db.house.qq.com/hz_31173/,,东厦东港花苑,
http://m.db.house.qq.com/hz_31274/,,金凌蓝色港湾,
http://m.db.house.qq.com/hz_31294/,,钱江水晶澜轩,
http://m.db.house.qq.com/hz_31266/,,顺发康庄,
http://m.db.house.qq.com/hz_31273/,,经纬美耀湾,
http://m.db.house.qq.com/hz_31161/,,郡原相江公寓,
http://m.db.house.qq.com/hz_31287/,,昆仑府,
http://m.db.house.qq.com/hz_31289/,,远邦嘉裕天城,
http://m.db.house.qq.com/hz_31295/,,赞成乐山红叶,
http://m.db.house.qq.com/hz_31277/,,湘湖壹号,
http://m.db.house.qq.com/hz_30873/,,协安蓝郡,
http://m.db.house.qq.com/hz_31292/,,野风现代中心,
http://m.db.house.qq.com/hz_30876/,,绿都御景蓝湾,
http://m.db.house.qq.com/hz_30880/,,绿城青山湖红枫园,
http://m.db.house.qq.com/hz_31023/,,翡翠岛别墅,
http://m.db.house.qq.com/hz_31182/,,梦溪湖山庄,
http://m.db.house.qq.com/hz_30900/,,大奇山郡,
http://m.db.house.qq.com/hz_30888/,,新湖武林国际公寓,
http://m.db.house.qq.com/hz_30889/,,顺发吉祥半岛,
http://m.db.house.qq.com/hz_30892/,,顺发堤香,
http://m.db.house.qq.com/hz_31296/,,保亿丽景山公寓,
http://m.db.house.qq.com/hz_31099/,,同人山庄,
http://m.db.house.qq.com/hz_30901/,,越都北辰金座,
http://m.db.house.qq.com/hz_30899/,,宋都晨光国际,
http://m.db.house.qq.com/hz_31103/,,广和美地兰庭,
http://m.db.house.qq.com/hz_31107/,,百家乐西园,
http://m.db.house.qq.com/hz_30905/,,中新御景湾,
http://m.db.house.qq.com/hz_31094/,,杉杉·恒和依山郡,
http://m.db.house.qq.com/hz_31101/,,金隅观澜时代,
http://m.db.house.qq.com/hz_31134/,,绿城养生堂千岛湖玫瑰园,
http://m.db.house.qq.com/hz_31140/,,昆仑公馆,
http://m.db.house.qq.com/hz_31120/,,天屿千岛湖山顶度假别墅,
http://m.db.house.qq.com/hz_31113/,,新湖果岭,
http://m.db.house.qq.com/hz_173368/,,富力十号洋房,
http://m.db.house.qq.com/hz_173376/,,阳光城文澜府,
http://m.db.house.qq.com/hz_176681/,,首开武林8栋,
http://m.db.house.qq.com/hz_170947/,,恒大商业中心,
http://m.db.house.qq.com/hz_176013/,,众安·朝阳银座,
http://m.db.house.qq.com/hz_178093/,,富力·西溪悦墅,
http://m.db.house.qq.com/hz_172775/,,滨江德信东方星城,
http://m.db.house.qq.com/hz_176223/,,恒祺克拉天玺,
http://m.db.house.qq.com/hz_31159/,,金都夏宫,
http://m.db.house.qq.com/hz_99981/,,华元欢乐城,
http://m.db.house.qq.com/hz_175635/,,西房·余杭公馆,
http://m.db.house.qq.com/hz_179560/,,春暖花都,
http://m.db.house.qq.com/hz_178834/,,滨湖天地,
http://m.db.house.qq.com/hz_148770/,,北大资源海港城,
http://m.db.house.qq.com/hz_31338/,,新时代城市家园,
http://m.db.house.qq.com/hz_174778/,,艺尚里,
http://m.db.house.qq.com/hz_166355/,,雅居乐国际花园,
http://m.db.house.qq.com/hz_31303/,,云栖小镇国际青年公寓,
http://m.db.house.qq.com/hz_31312/,,保亿围庐,
http://m.db.house.qq.com/hz_155970/,,越秀星汇尚城,
http://m.db.house.qq.com/hz_173682/,,众安学君里,
http://m.db.house.qq.com/hz_172078/,,万通时尚公馆LOFT,
http://m.db.house.qq.com/hz_164521/,,西溪永乐城,
http://m.db.house.qq.com/hz_177101/,,中国铁建保利·像素,
http://m.db.house.qq.com/hz_167739/,,碧桂园深蓝国际中心,
http://m.db.house.qq.com/hz_175461/,,富力·新线公园,
http://m.db.house.qq.com/hz_159938/,,京港国际,
http://m.db.house.qq.com/hz_175238/,,迪凯西湖国际茶博城,
http://m.db.house.qq.com/hz_172444/,,绿城运河郡,
http://m.db.house.qq.com/hz_145035/,,阳光城·普升,
http://m.db.house.qq.com/hz_175710/,,龙湖春江天玺,
http://m.db.house.qq.com/hz_172226/,,美都良景学府,
http://m.db.house.qq.com/hz_175926/,,宋都丽郡国际,
http://m.db.house.qq.com/hz_143452/,,万泰城章,
http://m.db.house.qq.com/hz_164103/,,宝嘉誉府,
http://m.db.house.qq.com/hz_167182/,,卓越蔚蓝领秀,
http://m.db.house.qq.com/hz_31022/,,华立永通逸城,
http://m.db.house.qq.com/hz_172536/,,万科杭宸,
http://m.db.house.qq.com/hz_178868/,,和昌府,
http://m.db.house.qq.com/hz_177730/,,滨江旭辉·万家之星,
http://m.db.house.qq.com/hz_175278/,,万科溪望,
http://m.db.house.qq.com/hz_179377/,,通和十二橡树颂居,
http://m.db.house.qq.com/hz_142739/,,中梁百悦城,
http://m.db.house.qq.com/hz_176203/,,龙湖水晶郦城,
http://m.db.house.qq.com/hz_173173/,,旭辉时代城,
http://m.db.house.qq.com/hz_49196/,,天都城·天熙公馆,
http://m.db.house.qq.com/hz_172103/,,上实海上海,
http://m.db.house.qq.com/hz_179213/,,乐创城,
http://m.db.house.qq.com/hz_141290/,,滨江西溪之星,
http://m.db.house.qq.com/hz_176311/,,北大资源未名府,
http://m.db.house.qq.com/hz_177064/,,宋都东郡之星,
http://m.db.house.qq.com/hz_177975/,,融创玖樟台,
http://m.db.house.qq.com/hz_31141/,,绿城·之江1号,
http://m.db.house.qq.com/hz_177567/,,海德公园,
http://m.db.house.qq.com/hz_172396/,,七彩小镇,
http://m.db.house.qq.com/hz_178391/,,金色和庄,
http://m.db.house.qq.com/hz_165669/,,春风江南府,
http://m.db.house.qq.com/hz_177612/,,佳源·未来府,
http://m.db.house.qq.com/hz_139167/,,滨江华家池,
http://m.db.house.qq.com/hz_172642/,,泰禾杭州院子,
http://m.db.house.qq.com/hz_172841/,,金地西溪风华,
http://m.db.house.qq.com/hz_31249/,,海南绿城蓝湾小镇,
http://m.db.house.qq.com/hz_127337/,,耀达金鼎华庭,
http://m.db.house.qq.com/hz_176544/,,钱塘御景,
http://m.db.house.qq.com/hz_30775/,,越秀星汇城,
http://m.db.house.qq.com/hz_168054/,,西溪八方城,
http://m.db.house.qq.com/hz_176765/,,中国铁建万科·江湾城,
http://m.db.house.qq.com/hz_149040/,,国瑞中心中央公馆,
http://m.db.house.qq.com/hz_177600/,,华夏四季,
http://m.db.house.qq.com/hz_177796/,,融创时代奥城,
http://m.db.house.qq.com/hz_127172/,,绿城安吉桃花源,
http://m.db.house.qq.com/hz_179635/,,朗诗乐府,
http://m.db.house.qq.com/hz_179661/,,龙湖天璞,
http://m.db.house.qq.com/hz_179625/,,金鼎学府,
http://m.db.house.qq.com/hz_151499/,,嘉丰万悦城,
http://m.db.house.qq.com/hz_176628/,,融信·澜天,
http://m.db.house.qq.com/hz_30921/,,野风启城,
http://m.db.house.qq.com/hz_176483/,,滨江·江南之星,
http://m.db.house.qq.com/hz_31330/,,金世纪运河丽园,
http://m.db.house.qq.com/hz_175566/,,滨江金茂府,
http://m.db.house.qq.com/hz_175833/,,滨江·锦绣之城,
http://m.db.house.qq.com/hz_31301/,,中铁逸都,
http://m.db.house.qq.com/hz_31077/,,东海闲湖城,
http://m.db.house.qq.com/hz_168719/,,天峻公寓,
http://m.db.house.qq.com/hz_154072/,,中港罗兰小镇,
http://m.db.house.qq.com/hz_173763/,,杭钢紫元·旭润和府,
http://m.db.house.qq.com/hz_171116/,,新湖菲林,
http://m.db.house.qq.com/hz_31147/,,嘉凯城名城博园,
http://m.db.house.qq.com/hz_31021/,,翡翠城,
http://m.db.house.qq.com/hz_162343/,,中兴御田清庭,
http://m.db.house.qq.com/hz_31153/,,溪上玫瑰园,
http://m.db.house.qq.com/hz_163292/,,奥克斯缔逸城,
http://m.db.house.qq.com/hz_176538/,,天阳·武林邸,
http://m.db.house.qq.com/hz_159801/,,华润·万象汇,
http://m.db.house.qq.com/hz_161003/,,昆盛肖邦,
http://m.db.house.qq.com/hz_167213/,,万科竹径云山二期,
http://m.db.house.qq.com/hz_176683/,,浙港国际,
http://m.db.house.qq.com/hz_169663/,,西溪蓝海,
http://m.db.house.qq.com/hz_112932/,,盈都江悦城,
http://m.db.house.qq.com/hz_139514/,,理想银泰城,
http://m.db.house.qq.com/hz_167438/,,时代未来之城,
http://m.db.house.qq.com/hz_162868/,,融创金成英特学府,
http://m.db.house.qq.com/hz_176728/,,五迪中心,
http://m.db.house.qq.com/hz_164378/,,金地艺境,
http://m.db.house.qq.com/hz_176941/,,瑞浩珺公馆,
http://m.db.house.qq.com/hz_141350/,,绿地旭辉城·峰汇,
http://m.db.house.qq.com/hz_164100/,,融创大家侯潮府,
http://m.db.house.qq.com/hz_127457/,,欧美金融城（EFC）,
http://m.db.house.qq.com/hz_171931/,,华元花涧堂,
http://m.db.house.qq.com/hz_174600/,,大家绿城金麟府,
http://m.db.house.qq.com/hz_172440/,,滨江华成大江之星,
http://m.db.house.qq.com/hz_170628/,,新城峯璟,
http://m.db.house.qq.com/hz_174947/,,滨江铂金海岸,
http://m.db.house.qq.com/hz_179037/,,旭辉滨江·东方悦府,
http://m.db.house.qq.com/hz_156917/,,宋都时间国际,
http://m.db.house.qq.com/hz_30379/,,绿城桃源小镇,
http://m.db.house.qq.com/hz_179062/,,君悦府,
http://m.db.house.qq.com/hz_152945/,,赞成首府,
http://m.db.house.qq.com/hz_179211/,,远洋上塘宸章,
http://m.db.house.qq.com/hz_179063/,,滨江保利·翡翠海岸,
http://m.db.house.qq.com/hz_179374/,,龙湖天钜,
http://m.db.house.qq.com/hz_141352/,,恒基旭辉府,
http://m.db.house.qq.com/hz_179438/,,信达滨江·壹品,
http://m.db.house.qq.com/hz_179477/,,融信江南学府,
http://m.db.house.qq.com/hz_179483/,,融信保利·创世纪,
http://m.db.house.qq.com/hz_123644/,,保利罗兰香谷,
http://m.db.house.qq.com/hz_179518/,,融信·萧山公馆,
http://m.db.house.qq.com/hz_177481/,,三花国际,
http://m.db.house.qq.com/hz_177983/,,祥生钱塘新语,
http://m.db.house.qq.com/hz_178541/,,新天地·金色时光,
http://m.db.house.qq.com/hz_177726/,,IOT未来城,
http://m.db.house.qq.com/hz_154118/,,浙旅德信西宸,
http://m.db.house.qq.com/hz_178732/,,凤起潮鸣,
http://m.db.house.qq.com/hz_178679/,,旭辉运河悦章,
http://m.db.house.qq.com/hz_178716/,,香港兴业·耦园,
http://m.db.house.qq.com/hz_174796/,,朗诗熙华府,
http://m.db.house.qq.com/hz_178829/,,祥生群贤府,
http://m.db.house.qq.com/hz_178754/,,西湖墅,
http://m.db.house.qq.com/hz_174959/,,合景映月台,
http://m.db.house.qq.com/hz_174856/,,十里风荷,
