iauto.ifeng.com/index.php?c=serial&a=index&sid=8131&wap=2,北京,北京 E系列
iauto.ifeng.com/index.php?c=serial&a=index&sid=7367&wap=2,北京,北京 BJ40
iauto.ifeng.com/index.php?c=serial&a=index&sid=10293&wap=2,北京,北京 BJ80
iauto.ifeng.com/index.php?c=serial&a=index&sid=10703&wap=2,北京,北京 BJ20
iauto.ifeng.com/index.php?c=serial&a=index&sid=7310&wap=2,比亚迪,比亚迪 S6
iauto.ifeng.com/index.php?c=serial&a=index&sid=1594&wap=2,比亚迪,比亚迪 F3
iauto.ifeng.com/index.php?c=serial&a=index&sid=2420&wap=2,比亚迪,比亚迪 F0
iauto.ifeng.com/index.php?c=serial&a=index&sid=7152&wap=2,比亚迪,比亚迪 G6
iauto.ifeng.com/index.php?c=serial&a=index&sid=9795&wap=2,比亚迪,比亚迪 速锐
iauto.ifeng.com/index.php?c=serial&a=index&sid=9842&wap=2,比亚迪,比亚迪 思锐
iauto.ifeng.com/index.php?c=serial&a=index&sid=9709&wap=2,比亚迪,比亚迪 秦
iauto.ifeng.com/index.php?c=serial&a=index&sid=1596&wap=2,比亚迪,比亚迪 F6
iauto.ifeng.com/index.php?c=serial&a=index&sid=3039&wap=2,比亚迪,比亚迪 M6
iauto.ifeng.com/index.php?c=serial&a=index&sid=7124&wap=2,比亚迪,比亚迪 L3
iauto.ifeng.com/index.php?c=serial&a=index&sid=3030&wap=2,比亚迪,比亚迪 e6
iauto.ifeng.com/index.php?c=serial&a=index&sid=3006&wap=2,比亚迪,比亚迪 G3
iauto.ifeng.com/index.php?c=serial&a=index&sid=2618&wap=2,比亚迪,比亚迪 F3DM
iauto.ifeng.com/index.php?c=serial&a=index&sid=10141&wap=2,比亚迪,比亚迪 S7
iauto.ifeng.com/index.php?c=serial&a=index&sid=8125&wap=2,比亚迪,比亚迪 G3R
iauto.ifeng.com/index.php?c=serial&a=index&sid=10254&wap=2,比亚迪,比亚迪 G5
iauto.ifeng.com/index.php?c=serial&a=index&sid=10281&wap=2,比亚迪,比亚迪 唐
iauto.ifeng.com/index.php?c=serial&a=index&sid=10582&wap=2,比亚迪,比亚迪 宋
iauto.ifeng.com/index.php?c=serial&a=index&sid=10657&wap=2,比亚迪,比亚迪 元
iauto.ifeng.com/index.php?c=serial&a=index&sid=10661&wap=2,比亚迪,比亚迪 e5
iauto.ifeng.com/index.php?c=serial&a=index&sid=10851&wap=2,比亚迪,比亚迪 宋新能源
iauto.ifeng.com/index.php?c=serial&a=index&sid=2046&wap=2,保时捷,保时捷 Cayenne
iauto.ifeng.com/index.php?c=serial&a=index&sid=2629&wap=2,保时捷,保时捷 Panamera
iauto.ifeng.com/index.php?c=serial&a=index&sid=2045&wap=2,保时捷,保时捷 911
iauto.ifeng.com/index.php?c=serial&a=index&sid=8148&wap=2,保时捷,保时捷 Macan
iauto.ifeng.com/index.php?c=serial&a=index&sid=10714&wap=2,保时捷,保时捷 718
iauto.ifeng.com/index.php?c=serial&a=index&sid=2259&wap=2,奔驰,奔驰 S级
iauto.ifeng.com/index.php?c=serial&a=index&sid=2364&wap=2,奔驰,奔驰 C级
iauto.ifeng.com/index.php?c=serial&a=index&sid=2564&wap=2,奔驰,奔驰 A级
iauto.ifeng.com/index.php?c=serial&a=index&sid=2846&wap=2,奔驰,奔驰 G级
iauto.ifeng.com/index.php?c=serial&a=index&sid=1987&wap=2,奔驰,奔驰 E级
iauto.ifeng.com/index.php?c=serial&a=index&sid=1995&wap=2,奔驰,奔驰 GL级
iauto.ifeng.com/index.php?c=serial&a=index&sid=2518&wap=2,奔驰,奔驰 M级
iauto.ifeng.com/index.php?c=serial&a=index&sid=2257&wap=2,奔驰,奔驰 C级（进口）
iauto.ifeng.com/index.php?c=serial&a=index&sid=1877&wap=2,奔驰,奔驰 R级
iauto.ifeng.com/index.php?c=serial&a=index&sid=2261&wap=2,奔驰,奔驰 CLS级
iauto.ifeng.com/index.php?c=serial&a=index&sid=2258&wap=2,奔驰,奔驰 E级（进口）
iauto.ifeng.com/index.php?c=serial&a=index&sid=2616&wap=2,奔驰,奔驰 B级
iauto.ifeng.com/index.php?c=serial&a=index&sid=10039&wap=2,奔驰,奔驰 GLA级（进口）
iauto.ifeng.com/index.php?c=serial&a=index&sid=7462&wap=2,奔驰,奔驰 威霆
iauto.ifeng.com/index.php?c=serial&a=index&sid=10081&wap=2,奔驰,奔驰 GL级 AMG
iauto.ifeng.com/index.php?c=serial&a=index&sid=2263&wap=2,奔驰,奔驰 SLK级
iauto.ifeng.com/index.php?c=serial&a=index&sid=9849&wap=2,奔驰,奔驰 G级 AMG
iauto.ifeng.com/index.php?c=serial&a=index&sid=3028&wap=2,奔驰,奔驰 SLS级 AMG
iauto.ifeng.com/index.php?c=serial&a=index&sid=9602&wap=2,奔驰,奔驰 凌特
iauto.ifeng.com/index.php?c=serial&a=index&sid=10007&wap=2,奔驰,奔驰 S级 AMG
iauto.ifeng.com/index.php?c=serial&a=index&sid=2262&wap=2,奔驰,奔驰 SL级
iauto.ifeng.com/index.php?c=serial&a=index&sid=10006&wap=2,奔驰,奔驰 ML级 AMG
iauto.ifeng.com/index.php?c=serial&a=index&sid=10010&wap=2,奔驰,奔驰 CLS级 AMG
iauto.ifeng.com/index.php?c=serial&a=index&sid=9707&wap=2,奔驰,奔驰 C级 AMG
iauto.ifeng.com/index.php?c=serial&a=index&sid=9733&wap=2,奔驰,奔驰 CLA级
iauto.ifeng.com/index.php?c=serial&a=index&sid=10008&wap=2,奔驰,奔驰 SL级 AMG
iauto.ifeng.com/index.php?c=serial&a=index&sid=10226&wap=2,奔驰,奔驰 GLA级 AMG
iauto.ifeng.com/index.php?c=serial&a=index&sid=10229&wap=2,奔驰,奔驰 CLA级 AMG
iauto.ifeng.com/index.php?c=serial&a=index&sid=10508&wap=2,奔驰,奔驰 GLA级
iauto.ifeng.com/index.php?c=serial&a=index&sid=10599&wap=2,奔驰,奔驰 GLC级
iauto.ifeng.com/index.php?c=serial&a=index&sid=10407&wap=2,奔驰,奔驰 GLE级
iauto.ifeng.com/index.php?c=serial&a=index&sid=10504&wap=2,奔驰,奔驰 GLC级（进口）
iauto.ifeng.com/index.php?c=serial&a=index&sid=10590&wap=2,奔驰,奔驰 GLS级
iauto.ifeng.com/index.php?c=serial&a=index&sid=10647&wap=2,奔驰,奔驰 V级
iauto.ifeng.com/index.php?c=serial&a=index&sid=10297&wap=2,奔驰,奔驰 A级 AMG
iauto.ifeng.com/index.php?c=serial&a=index&sid=10356&wap=2,奔驰,奔驰 AMG GT
iauto.ifeng.com/index.php?c=serial&a=index&sid=10409&wap=2,奔驰,奔驰 GLE级 AMG
iauto.ifeng.com/index.php?c=serial&a=index&sid=10589&wap=2,奔驰,奔驰 GLS级 AMG
iauto.ifeng.com/index.php?c=serial&a=index&sid=10399&wap=2,奔驰,奔驰 S级
iauto.ifeng.com/index.php?c=serial&a=index&sid=9838&wap=2,标致,标致 3008
iauto.ifeng.com/index.php?c=serial&a=index&sid=3024&wap=2,标致,标致 408
iauto.ifeng.com/index.php?c=serial&a=index&sid=7996&wap=2,标致,标致 508
iauto.ifeng.com/index.php?c=serial&a=index&sid=2929&wap=2,标致,标致 308
iauto.ifeng.com/index.php?c=serial&a=index&sid=2057&wap=2,标致,标致 307
iauto.ifeng.com/index.php?c=serial&a=index&sid=10049&wap=2,标致,标致 301
iauto.ifeng.com/index.php?c=serial&a=index&sid=9806&wap=2,标致,标致 2008
iauto.ifeng.com/index.php?c=serial&a=index&sid=3009&wap=2,标致,标致 RCZ
iauto.ifeng.com/index.php?c=serial&a=index&sid=10419&wap=2,标致,标致 308S
iauto.ifeng.com/index.php?c=serial&a=index&sid=10768&wap=2,标致,标致 4008
iauto.ifeng.com/index.php?c=serial&a=index&sid=2078&wap=2,宾利,宾利 欧陆
iauto.ifeng.com/index.php?c=serial&a=index&sid=3089&wap=2,宾利,宾利 慕尚
iauto.ifeng.com/index.php?c=serial&a=index&sid=10046&wap=2,宾利,宾利 飞驰
iauto.ifeng.com/index.php?c=serial&a=index&sid=9675&wap=2,宾利,宾利 添越
iauto.ifeng.com/index.php?c=serial&a=index&sid=1660&wap=2,本田,本田 CR-V
iauto.ifeng.com/index.php?c=serial&a=index&sid=6812&wap=2,本田,本田 雅阁
iauto.ifeng.com/index.php?c=serial&a=index&sid=6881&wap=2,本田,本田 锋范
iauto.ifeng.com/index.php?c=serial&a=index&sid=1661&wap=2,本田,本田 思域
iauto.ifeng.com/index.php?c=serial&a=index&sid=10079&wap=2,本田,本田 杰德
iauto.ifeng.com/index.php?c=serial&a=index&sid=7166&wap=2,本田,本田 歌诗图
iauto.ifeng.com/index.php?c=serial&a=index&sid=10089&wap=2,本田,本田 凌派
iauto.ifeng.com/index.php?c=serial&a=index&sid=6814&wap=2,本田,本田 飞度
iauto.ifeng.com/index.php?c=serial&a=index&sid=1707&wap=2,本田,本田 奥德赛
iauto.ifeng.com/index.php?c=serial&a=index&sid=2918&wap=2,本田,本田 思铂睿
iauto.ifeng.com/index.php?c=serial&a=index&sid=9603&wap=2,本田,本田 艾力绅
iauto.ifeng.com/index.php?c=serial&a=index&sid=7324&wap=2,本田,本田 CR-Z
iauto.ifeng.com/index.php?c=serial&a=index&sid=7374&wap=2,本田,本田 Insight
iauto.ifeng.com/index.php?c=serial&a=index&sid=10352&wap=2,本田,本田 XR-V
iauto.ifeng.com/index.php?c=serial&a=index&sid=10579&wap=2,本田,本田 哥瑞
iauto.ifeng.com/index.php?c=serial&a=index&sid=10769&wap=2,本田,本田 竞瑞
iauto.ifeng.com/index.php?c=serial&a=index&sid=10835&wap=2,本田,本田 UR-V
iauto.ifeng.com/index.php?c=serial&a=index&sid=10291&wap=2,本田,本田 缤智
iauto.ifeng.com/index.php?c=serial&a=index&sid=10693&wap=2,本田,本田 冠道
iauto.ifeng.com/index.php?c=serial&a=index&sid=6395&wap=2,宝马,宝马 5系
iauto.ifeng.com/index.php?c=serial&a=index&sid=1729&wap=2,宝马,宝马 3系
iauto.ifeng.com/index.php?c=serial&a=index&sid=2032&wap=2,宝马,宝马 X5
iauto.ifeng.com/index.php?c=serial&a=index&sid=9607&wap=2,宝马,宝马 X1
iauto.ifeng.com/index.php?c=serial&a=index&sid=7278&wap=2,宝马,宝马 7系
iauto.ifeng.com/index.php?c=serial&a=index&sid=2037&wap=2,宝马,宝马 X3
iauto.ifeng.com/index.php?c=serial&a=index&sid=6606&wap=2,宝马,宝马 3系（进口）
iauto.ifeng.com/index.php?c=serial&a=index&sid=6605&wap=2,宝马,宝马 5系（进口）
iauto.ifeng.com/index.php?c=serial&a=index&sid=2390&wap=2,宝马,宝马 X6
iauto.ifeng.com/index.php?c=serial&a=index&sid=2348&wap=2,宝马,宝马 1系（进口）
iauto.ifeng.com/index.php?c=serial&a=index&sid=2039&wap=2,宝马,宝马 Z4
iauto.ifeng.com/index.php?c=serial&a=index&sid=6610&wap=2,宝马,宝马 6系
iauto.ifeng.com/index.php?c=serial&a=index&sid=10128&wap=2,宝马,宝马 5系GT
iauto.ifeng.com/index.php?c=serial&a=index&sid=8017&wap=2,宝马,宝马 M3
iauto.ifeng.com/index.php?c=serial&a=index&sid=9499&wap=2,宝马,宝马 i3
iauto.ifeng.com/index.php?c=serial&a=index&sid=10127&wap=2,宝马,宝马 3系GT
iauto.ifeng.com/index.php?c=serial&a=index&sid=10019&wap=2,宝马,宝马 X6 M
iauto.ifeng.com/index.php?c=serial&a=index&sid=9502&wap=2,宝马,宝马 M6
iauto.ifeng.com/index.php?c=serial&a=index&sid=10018&wap=2,宝马,宝马 X5 M
iauto.ifeng.com/index.php?c=serial&a=index&sid=9373&wap=2,宝马,宝马 M5
iauto.ifeng.com/index.php?c=serial&a=index&sid=9777&wap=2,宝马,宝马 4系
iauto.ifeng.com/index.php?c=serial&a=index&sid=9495&wap=2,宝马,宝马 X4
iauto.ifeng.com/index.php?c=serial&a=index&sid=9498&wap=2,宝马,宝马 i8
iauto.ifeng.com/index.php?c=serial&a=index&sid=10179&wap=2,宝马,宝马 2系
iauto.ifeng.com/index.php?c=serial&a=index&sid=10137&wap=2,宝马,宝马 M4
iauto.ifeng.com/index.php?c=serial&a=index&sid=10653&wap=2,宝马,宝马 2系旅行车
iauto.ifeng.com/index.php?c=serial&a=index&sid=10741&wap=2,宝马,宝马 1系
iauto.ifeng.com/index.php?c=serial&a=index&sid=10406&wap=2,宝马,宝马 2系Active Tourer
iauto.ifeng.com/index.php?c=serial&a=index&sid=10534&wap=2,宝马,宝马 2系Gran Tourer
iauto.ifeng.com/index.php?c=serial&a=index&sid=10583&wap=2,宝马,宝马 M2
iauto.ifeng.com/index.php?c=serial&a=index&sid=10038&wap=2,奔腾,奔腾 X80
iauto.ifeng.com/index.php?c=serial&a=index&sid=2875&wap=2,奔腾,奔腾 B50
iauto.ifeng.com/index.php?c=serial&a=index&sid=2731&wap=2,奔腾,奔腾 B70
iauto.ifeng.com/index.php?c=serial&a=index&sid=9404&wap=2,奔腾,奔腾 B90
iauto.ifeng.com/index.php?c=serial&a=index&sid=10585&wap=2,奔腾,奔腾 B30
iauto.ifeng.com/index.php?c=serial&a=index&sid=10715&wap=2,奔腾,奔腾 X40
iauto.ifeng.com/index.php?c=serial&a=index&sid=1836&wap=2,别克,别克 君越
iauto.ifeng.com/index.php?c=serial&a=index&sid=6888&wap=2,别克,别克 君威
iauto.ifeng.com/index.php?c=serial&a=index&sid=9618&wap=2,别克,别克 昂科拉
iauto.ifeng.com/index.php?c=serial&a=index&sid=7470&wap=2,别克,别克 英朗
iauto.ifeng.com/index.php?c=serial&a=index&sid=1825&wap=2,别克,别克 GL8
iauto.ifeng.com/index.php?c=serial&a=index&sid=2601&wap=2,别克,别克 昂科雷
iauto.ifeng.com/index.php?c=serial&a=index&sid=10328&wap=2,别克,别克 昂科威
iauto.ifeng.com/index.php?c=serial&a=index&sid=10499&wap=2,别克,别克 威朗
iauto.ifeng.com/index.php?c=serial&a=index&sid=10850&wap=2,别克,别克 VELITE 5
iauto.ifeng.com/index.php?c=serial&a=index&sid=2829&wap=2,布加迪,布加迪 威航
iauto.ifeng.com/index.php?c=serial&a=index&sid=8088&wap=2,宝骏,宝骏 630
iauto.ifeng.com/index.php?c=serial&a=index&sid=1851&wap=2,宝骏,宝骏 乐驰
iauto.ifeng.com/index.php?c=serial&a=index&sid=10222&wap=2,宝骏,宝骏 610
iauto.ifeng.com/index.php?c=serial&a=index&sid=10283&wap=2,宝骏,宝骏 730
iauto.ifeng.com/index.php?c=serial&a=index&sid=10446&wap=2,宝骏,宝骏 560
iauto.ifeng.com/index.php?c=serial&a=index&sid=10611&wap=2,宝骏,宝骏 330
iauto.ifeng.com/index.php?c=serial&a=index&sid=10662&wap=2,宝骏,宝骏 310
iauto.ifeng.com/index.php?c=serial&a=index&sid=10764&wap=2,宝骏,宝骏 510
iauto.ifeng.com/index.php?c=serial&a=index&sid=1580&wap=2,北汽制造,北汽制造 骑士
iauto.ifeng.com/index.php?c=serial&a=index&sid=1564&wap=2,北汽制造,北汽制造 勇士
iauto.ifeng.com/index.php?c=serial&a=index&sid=2199&wap=2,北汽制造,北汽制造 战旗
iauto.ifeng.com/index.php?c=serial&a=index&sid=2200&wap=2,北汽制造,北汽制造 角斗士
iauto.ifeng.com/index.php?c=serial&a=index&sid=1582&wap=2,北汽制造,北汽制造 陆霸
iauto.ifeng.com/index.php?c=serial&a=index&sid=9480&wap=2,北汽威旺,北汽威旺 306
iauto.ifeng.com/index.php?c=serial&a=index&sid=9843&wap=2,北汽威旺,北汽威旺 205
iauto.ifeng.com/index.php?c=serial&a=index&sid=10171&wap=2,北汽威旺,北汽威旺 M20
iauto.ifeng.com/index.php?c=serial&a=index&sid=10178&wap=2,北汽威旺,北汽威旺 307
iauto.ifeng.com/index.php?c=serial&a=index&sid=10442&wap=2,北汽威旺,北汽威旺 007
iauto.ifeng.com/index.php?c=serial&a=index&sid=10578&wap=2,北汽威旺,北汽威旺 M30
iauto.ifeng.com/index.php?c=serial&a=index&sid=10656&wap=2,北汽威旺,北汽威旺 M35
iauto.ifeng.com/index.php?c=serial&a=index&sid=10687&wap=2,北汽威旺,北汽威旺 S50
iauto.ifeng.com/index.php?c=serial&a=index&sid=10755&wap=2,北汽威旺,北汽威旺 M50F
iauto.ifeng.com/index.php?c=serial&a=index&sid=9827&wap=2,巴博斯,巴博斯 S级
iauto.ifeng.com/index.php?c=serial&a=index&sid=10209&wap=2,巴博斯,巴博斯 M级
iauto.ifeng.com/index.php?c=serial&a=index&sid=10252&wap=2,巴博斯,巴博斯 SLK级
iauto.ifeng.com/index.php?c=serial&a=index&sid=10251&wap=2,巴博斯,巴博斯 CLS级
iauto.ifeng.com/index.php?c=serial&a=index&sid=9714&wap=2,北汽绅宝,北汽绅宝 D70
iauto.ifeng.com/index.php?c=serial&a=index&sid=10271&wap=2,北汽绅宝,北汽绅宝 D50
iauto.ifeng.com/index.php?c=serial&a=index&sid=10335&wap=2,北汽绅宝,北汽绅宝 D60
iauto.ifeng.com/index.php?c=serial&a=index&sid=10400&wap=2,北汽绅宝,北汽绅宝 D20
iauto.ifeng.com/index.php?c=serial&a=index&sid=10401&wap=2,北汽绅宝,北汽绅宝 X65
iauto.ifeng.com/index.php?c=serial&a=index&sid=10505&wap=2,北汽绅宝,北汽绅宝 D80
iauto.ifeng.com/index.php?c=serial&a=index&sid=10506&wap=2,北汽绅宝,北汽绅宝 CC
iauto.ifeng.com/index.php?c=serial&a=index&sid=10548&wap=2,北汽绅宝,北汽绅宝 X25
iauto.ifeng.com/index.php?c=serial&a=index&sid=10609&wap=2,北汽绅宝,北汽绅宝 X55
iauto.ifeng.com/index.php?c=serial&a=index&sid=10688&wap=2,北汽绅宝,北汽绅宝 X35
iauto.ifeng.com/index.php?c=serial&a=index&sid=10208&wap=2,北汽幻速,北汽幻速 幻速S2
iauto.ifeng.com/index.php?c=serial&a=index&sid=10250&wap=2,北汽幻速,北汽幻速 幻速S3
iauto.ifeng.com/index.php?c=serial&a=index&sid=10416&wap=2,北汽幻速,北汽幻速 幻速H2
iauto.ifeng.com/index.php?c=serial&a=index&sid=10549&wap=2,北汽幻速,北汽幻速 幻速S6
iauto.ifeng.com/index.php?c=serial&a=index&sid=10559&wap=2,北汽幻速,北汽幻速 幻速H3
iauto.ifeng.com/index.php?c=serial&a=index&sid=10659&wap=2,北汽幻速,北汽幻速 幻速H3F
iauto.ifeng.com/index.php?c=serial&a=index&sid=10724&wap=2,北汽幻速,北汽幻速 幻速H6
iauto.ifeng.com/index.php?c=serial&a=index&sid=10731&wap=2,北汽幻速,北汽幻速 幻速H2V
iauto.ifeng.com/index.php?c=serial&a=index&sid=10747&wap=2,北汽幻速,北汽幻速 幻速S3L
iauto.ifeng.com/index.php?c=serial&a=index&sid=10810&wap=2,北汽幻速,北汽幻速 幻速S5
iauto.ifeng.com/index.php?c=serial&a=index&sid=10318&wap=2,北汽新能源,北汽新能源 E150 EV
iauto.ifeng.com/index.php?c=serial&a=index&sid=10413&wap=2,北汽新能源,北汽新能源 EV
iauto.ifeng.com/index.php?c=serial&a=index&sid=10414&wap=2,北汽新能源,北汽新能源 ES210
iauto.ifeng.com/index.php?c=serial&a=index&sid=10645&wap=2,北汽新能源,北汽新能源 EU
iauto.ifeng.com/index.php?c=serial&a=index&sid=10709&wap=2,北汽新能源,北汽新能源 EX200
iauto.ifeng.com/index.php?c=serial&a=index&sid=10817&wap=2,北汽新能源,北汽新能源 EC
iauto.ifeng.com/index.php?c=serial&a=index&sid=10553&wap=2,宝沃,宝沃 BX7
iauto.ifeng.com/index.php?c=serial&a=index&sid=10669&wap=2,宝沃,宝沃 BX5
iauto.ifeng.com/index.php?c=serial&a=index&sid=10752&wap=2,比速汽车,比速汽车 T3
iauto.ifeng.com/index.php?c=serial&a=index&sid=10753&wap=2,比速汽车,比速汽车 M3
iauto.ifeng.com/index.php?c=serial&a=index&sid=10826&wap=2,比速汽车,比速汽车 T5
iauto.ifeng.com/index.php?c=serial&a=index&sid=9723&wap=2,长安,长安 CS35
iauto.ifeng.com/index.php?c=serial&a=index&sid=10164&wap=2,长安,长安 CS75
iauto.ifeng.com/index.php?c=serial&a=index&sid=9406&wap=2,长安,长安 逸动
iauto.ifeng.com/index.php?c=serial&a=index&sid=10078&wap=2,长安,长安 逸动XT
iauto.ifeng.com/index.php?c=serial&a=index&sid=9600&wap=2,长安,长安 欧诺
iauto.ifeng.com/index.php?c=serial&a=index&sid=8011&wap=2,长安,长安 CX20
iauto.ifeng.com/index.php?c=serial&a=index&sid=7126&wap=2,长安,长安 奔奔MINI
iauto.ifeng.com/index.php?c=serial&a=index&sid=9850&wap=2,长安,长安 欧力威
iauto.ifeng.com/index.php?c=serial&a=index&sid=2633&wap=2,长安,长安 悦翔
iauto.ifeng.com/index.php?c=serial&a=index&sid=9769&wap=2,长安,长安 悦翔V3
iauto.ifeng.com/index.php?c=serial&a=index&sid=9644&wap=2,长安,长安 睿骋
iauto.ifeng.com/index.php?c=serial&a=index&sid=1634&wap=2,长安,长安 长安之星
iauto.ifeng.com/index.php?c=serial&a=index&sid=9776&wap=2,长安,长安 悦翔V5
iauto.ifeng.com/index.php?c=serial&a=index&sid=1632&wap=2,长安,长安 长安星光4500
iauto.ifeng.com/index.php?c=serial&a=index&sid=6565&wap=2,长安,长安 奔奔
iauto.ifeng.com/index.php?c=serial&a=index&sid=10117&wap=2,长安,长安 长安之星2
iauto.ifeng.com/index.php?c=serial&a=index&sid=7463&wap=2,长安,长安 CX30
iauto.ifeng.com/index.php?c=serial&a=index&sid=10118&wap=2,长安,长安 长安星卡
iauto.ifeng.com/index.php?c=serial&a=index&sid=10182&wap=2,长安,长安 睿行
iauto.ifeng.com/index.php?c=serial&a=index&sid=10183&wap=2,长安,长安 尊行
iauto.ifeng.com/index.php?c=serial&a=index&sid=10344&wap=2,长安,长安 悦翔V7
iauto.ifeng.com/index.php?c=serial&a=index&sid=10642&wap=2,长安,长安 CS15
iauto.ifeng.com/index.php?c=serial&a=index&sid=10664&wap=2,长安,长安 CS95
iauto.ifeng.com/index.php?c=serial&a=index&sid=10829&wap=2,长安,长安 凌轩
iauto.ifeng.com/index.php?c=serial&a=index&sid=10412&wap=2,长安,长安 长安之星9
iauto.ifeng.com/index.php?c=serial&a=index&sid=10521&wap=2,长安,长安 长安之星3
iauto.ifeng.com/index.php?c=serial&a=index&sid=10554&wap=2,长安,长安 欧尚
iauto.ifeng.com/index.php?c=serial&a=index&sid=10619&wap=2,长安,长安 睿行M90
iauto.ifeng.com/index.php?c=serial&a=index&sid=10620&wap=2,长安,长安 神骐F30
iauto.ifeng.com/index.php?c=serial&a=index&sid=10622&wap=2,长安,长安 神骐F50
iauto.ifeng.com/index.php?c=serial&a=index&sid=10652&wap=2,长安,长安 CX70
iauto.ifeng.com/index.php?c=serial&a=index&sid=10811&wap=2,长安,长安 睿行S50
iauto.ifeng.com/index.php?c=serial&a=index&sid=9393&wap=2,长城,长城 M4
iauto.ifeng.com/index.php?c=serial&a=index&sid=7415&wap=2,长城,长城 C50
iauto.ifeng.com/index.php?c=serial&a=index&sid=7151&wap=2,长城,长城 C30
iauto.ifeng.com/index.php?c=serial&a=index&sid=1650&wap=2,长城,长城 V80
iauto.ifeng.com/index.php?c=serial&a=index&sid=3052&wap=2,长城,长城 M2
iauto.ifeng.com/index.php?c=serial&a=index&sid=8124&wap=2,长城,长城 风骏5
iauto.ifeng.com/index.php?c=serial&a=index&sid=10287&wap=2,长城,长城 风骏6
iauto.ifeng.com/index.php?c=serial&a=index&sid=1608&wap=2,昌河,昌河 福瑞达
iauto.ifeng.com/index.php?c=serial&a=index&sid=9508&wap=2,昌河,昌河 福运
iauto.ifeng.com/index.php?c=serial&a=index&sid=10376&wap=2,昌河,昌河 M50
iauto.ifeng.com/index.php?c=serial&a=index&sid=10650&wap=2,昌河,昌河 Q25
iauto.ifeng.com/index.php?c=serial&a=index&sid=10729&wap=2,昌河,昌河 福瑞达K21
iauto.ifeng.com/index.php?c=serial&a=index&sid=10730&wap=2,昌河,昌河 福瑞达K22
iauto.ifeng.com/index.php?c=serial&a=index&sid=10748&wap=2,昌河,昌河 Q35
iauto.ifeng.com/index.php?c=serial&a=index&sid=10765&wap=2,昌河,昌河 M70
iauto.ifeng.com/index.php?c=serial&a=index&sid=9596&wap=2,传祺,传祺 GS5
iauto.ifeng.com/index.php?c=serial&a=index&sid=7368&wap=2,传祺,传祺 GA5
iauto.ifeng.com/index.php?c=serial&a=index&sid=10067&wap=2,传祺,传祺 GA3
iauto.ifeng.com/index.php?c=serial&a=index&sid=10295&wap=2,传祺,传祺 GA6
iauto.ifeng.com/index.php?c=serial&a=index&sid=10332&wap=2,传祺,传祺 GA3S视界
iauto.ifeng.com/index.php?c=serial&a=index&sid=10372&wap=2,传祺,传祺 GS5速博
iauto.ifeng.com/index.php?c=serial&a=index&sid=10497&wap=2,传祺,传祺 GS4
iauto.ifeng.com/index.php?c=serial&a=index&sid=10641&wap=2,传祺,传祺 GA8
iauto.ifeng.com/index.php?c=serial&a=index&sid=10695&wap=2,传祺,传祺 GS8
iauto.ifeng.com/index.php?c=serial&a=index&sid=10378&wap=2,成功,成功 V1
iauto.ifeng.com/index.php?c=serial&a=index&sid=10379&wap=2,成功,成功 V2
iauto.ifeng.com/index.php?c=serial&a=index&sid=10380&wap=2,成功,成功 K1
iauto.ifeng.com/index.php?c=serial&a=index&sid=10381&wap=2,成功,成功 K2
iauto.ifeng.com/index.php?c=serial&a=index&sid=10382&wap=2,成功,成功 X1
iauto.ifeng.com/index.php?c=serial&a=index&sid=2553&wap=2,东南,东南 V3菱悦
iauto.ifeng.com/index.php?c=serial&a=index&sid=9739&wap=2,东南,东南 V6菱仕
iauto.ifeng.com/index.php?c=serial&a=index&sid=9643&wap=2,东南,东南 V5菱致 
iauto.ifeng.com/index.php?c=serial&a=index&sid=1687&wap=2,东南,东南 得利卡
iauto.ifeng.com/index.php?c=serial&a=index&sid=8107&wap=2,东南,东南 希旺
iauto.ifeng.com/index.php?c=serial&a=index&sid=10429&wap=2,东南,东南 DX7
iauto.ifeng.com/index.php?c=serial&a=index&sid=10483&wap=2,东南,东南 V5 plus
iauto.ifeng.com/index.php?c=serial&a=index&sid=10484&wap=2,东南,东南 V CROSS
iauto.ifeng.com/index.php?c=serial&a=index&sid=10679&wap=2,东南,东南 DX3
iauto.ifeng.com/index.php?c=serial&a=index&sid=3035&wap=2,大众,大众 途观
iauto.ifeng.com/index.php?c=serial&a=index&sid=1765&wap=2,大众,大众 速腾
iauto.ifeng.com/index.php?c=serial&a=index&sid=2370&wap=2,大众,大众 朗逸
iauto.ifeng.com/index.php?c=serial&a=index&sid=1796&wap=2,大众,大众 帕萨特
iauto.ifeng.com/index.php?c=serial&a=index&sid=1905&wap=2,大众,大众 捷达
iauto.ifeng.com/index.php?c=serial&a=index&sid=6512&wap=2,大众,大众 高尔夫
iauto.ifeng.com/index.php?c=serial&a=index&sid=1909&wap=2,大众,大众 迈腾
iauto.ifeng.com/index.php?c=serial&a=index&sid=6787&wap=2,大众,大众 宝来
iauto.ifeng.com/index.php?c=serial&a=index&sid=6429&wap=2,大众,大众 桑塔纳·尚纳 
iauto.ifeng.com/index.php?c=serial&a=index&sid=1810&wap=2,大众,大众 Polo
iauto.ifeng.com/index.php?c=serial&a=index&sid=2064&wap=2,大众,大众 途锐
iauto.ifeng.com/index.php?c=serial&a=index&sid=10064&wap=2,大众,大众 朗行
iauto.ifeng.com/index.php?c=serial&a=index&sid=1799&wap=2,大众,大众 途安
iauto.ifeng.com/index.php?c=serial&a=index&sid=10143&wap=2,大众,大众 朗境
iauto.ifeng.com/index.php?c=serial&a=index&sid=2065&wap=2,大众,大众 辉腾
iauto.ifeng.com/index.php?c=serial&a=index&sid=7140&wap=2,大众,大众 CC
iauto.ifeng.com/index.php?c=serial&a=index&sid=2373&wap=2,大众,大众 Tiguan
iauto.ifeng.com/index.php?c=serial&a=index&sid=2256&wap=2,大众,大众 Cross Polo
iauto.ifeng.com/index.php?c=serial&a=index&sid=7347&wap=2,大众,大众 高尔夫（进口）
iauto.ifeng.com/index.php?c=serial&a=index&sid=2610&wap=2,大众,大众 尚酷
iauto.ifeng.com/index.php?c=serial&a=index&sid=2063&wap=2,大众,大众 夏朗
iauto.ifeng.com/index.php?c=serial&a=index&sid=2061&wap=2,大众,大众 甲壳虫
iauto.ifeng.com/index.php?c=serial&a=index&sid=2379&wap=2,大众,大众 迈特威
iauto.ifeng.com/index.php?c=serial&a=index&sid=2977&wap=2,大众,大众 UP!
iauto.ifeng.com/index.php?c=serial&a=index&sid=10308&wap=2,大众,大众 凌渡
iauto.ifeng.com/index.php?c=serial&a=index&sid=10517&wap=2,大众,大众 桑塔纳·浩纳
iauto.ifeng.com/index.php?c=serial&a=index&sid=10637&wap=2,大众,大众 辉昂
iauto.ifeng.com/index.php?c=serial&a=index&sid=10782&wap=2,大众,大众 途昂
iauto.ifeng.com/index.php?c=serial&a=index&sid=10809&wap=2,大众,大众 途观L
iauto.ifeng.com/index.php?c=serial&a=index&sid=10660&wap=2,大众,大众 高尔夫·嘉旅
iauto.ifeng.com/index.php?c=serial&a=index&sid=10767&wap=2,大众,大众 蔚领
iauto.ifeng.com/index.php?c=serial&a=index&sid=10279&wap=2,大众,大众 凯路威
iauto.ifeng.com/index.php?c=serial&a=index&sid=10617&wap=2,大众,大众 蔚揽
iauto.ifeng.com/index.php?c=serial&a=index&sid=2690&wap=2,道奇,道奇 酷威
iauto.ifeng.com/index.php?c=serial&a=index&sid=8096&wap=2,道奇,道奇 Ram
iauto.ifeng.com/index.php?c=serial&a=index&sid=2385&wap=2,东风,东风 景逸
iauto.ifeng.com/index.php?c=serial&a=index&sid=2384&wap=2,东风,东风 菱智
iauto.ifeng.com/index.php?c=serial&a=index&sid=10139&wap=2,东风,东风 景逸X5
iauto.ifeng.com/index.php?c=serial&a=index&sid=3034&wap=2,东风,东风 帅客
iauto.ifeng.com/index.php?c=serial&a=index&sid=1861&wap=2,东风,东风 奥丁
iauto.ifeng.com/index.php?c=serial&a=index&sid=9598&wap=2,东风,东风 A60
iauto.ifeng.com/index.php?c=serial&a=index&sid=10037&wap=2,东风,东风 CM7
iauto.ifeng.com/index.php?c=serial&a=index&sid=1924&wap=2,东风,东风 御轩
iauto.ifeng.com/index.php?c=serial&a=index&sid=7386&wap=2,东风,东风 V27
iauto.ifeng.com/index.php?c=serial&a=index&sid=10109&wap=2,东风,东风 御风
iauto.ifeng.com/index.php?c=serial&a=index&sid=10163&wap=2,东风,东风 锐骐
iauto.ifeng.com/index.php?c=serial&a=index&sid=10198&wap=2,东风,东风 俊风
iauto.ifeng.com/index.php?c=serial&a=index&sid=10241&wap=2,东风,东风 C37
iauto.ifeng.com/index.php?c=serial&a=index&sid=10247&wap=2,东风,东风 K01
iauto.ifeng.com/index.php?c=serial&a=index&sid=10242&wap=2,东风,东风 K07
iauto.ifeng.com/index.php?c=serial&a=index&sid=10243&wap=2,东风,东风 K07 II
iauto.ifeng.com/index.php?c=serial&a=index&sid=10246&wap=2,东风,东风 K02
iauto.ifeng.com/index.php?c=serial&a=index&sid=10248&wap=2,东风,东风 K06
iauto.ifeng.com/index.php?c=serial&a=index&sid=10240&wap=2,东风,东风 V29
iauto.ifeng.com/index.php?c=serial&a=index&sid=10244&wap=2,东风,东风 K17
iauto.ifeng.com/index.php?c=serial&a=index&sid=10633&wap=2,东风,东风 A9
iauto.ifeng.com/index.php?c=serial&a=index&sid=10278&wap=2,东风,东风 景逸X3
iauto.ifeng.com/index.php?c=serial&a=index&sid=10282&wap=2,东风,东风 景逸S50
iauto.ifeng.com/index.php?c=serial&a=index&sid=10502&wap=2,东风,东风 景逸XV
iauto.ifeng.com/index.php?c=serial&a=index&sid=10516&wap=2,东风,东风 风行S500
iauto.ifeng.com/index.php?c=serial&a=index&sid=10658&wap=2,东风,东风 风行F600
iauto.ifeng.com/index.php?c=serial&a=index&sid=10702&wap=2,东风,东风 风行SX6
iauto.ifeng.com/index.php?c=serial&a=index&sid=10303&wap=2,东风,东风 AX7
iauto.ifeng.com/index.php?c=serial&a=index&sid=10327&wap=2,东风,东风 A30
iauto.ifeng.com/index.php?c=serial&a=index&sid=10466&wap=2,东风,东风 L60
iauto.ifeng.com/index.php?c=serial&a=index&sid=10478&wap=2,东风,东风 E30
iauto.ifeng.com/index.php?c=serial&a=index&sid=10603&wap=2,东风,东风 AX3
iauto.ifeng.com/index.php?c=serial&a=index&sid=10690&wap=2,东风,东风 AX5
iauto.ifeng.com/index.php?c=serial&a=index&sid=10383&wap=2,东风,东风 C35
iauto.ifeng.com/index.php?c=serial&a=index&sid=10384&wap=2,东风,东风 C36
iauto.ifeng.com/index.php?c=serial&a=index&sid=10385&wap=2,东风,东风 V07S
iauto.ifeng.com/index.php?c=serial&a=index&sid=10386&wap=2,东风,东风 V21
iauto.ifeng.com/index.php?c=serial&a=index&sid=10387&wap=2,东风,东风 V22
iauto.ifeng.com/index.php?c=serial&a=index&sid=10462&wap=2,东风,东风 C31
iauto.ifeng.com/index.php?c=serial&a=index&sid=10463&wap=2,东风,东风 C32
iauto.ifeng.com/index.php?c=serial&a=index&sid=10464&wap=2,东风,东风 K07S
iauto.ifeng.com/index.php?c=serial&a=index&sid=10433&wap=2,东风,东风 MX6
iauto.ifeng.com/index.php?c=serial&a=index&sid=10759&wap=2,东风,东风 MX5
iauto.ifeng.com/index.php?c=serial&a=index&sid=10595&wap=2,东风,东风 风光370
iauto.ifeng.com/index.php?c=serial&a=index&sid=10596&wap=2,东风,东风 风光330
iauto.ifeng.com/index.php?c=serial&a=index&sid=10597&wap=2,东风,东风 风光360
iauto.ifeng.com/index.php?c=serial&a=index&sid=10691&wap=2,东风,东风 风光580
iauto.ifeng.com/index.php?c=serial&a=index&sid=8123&wap=2,东风启辰,东风启辰 D50
iauto.ifeng.com/index.php?c=serial&a=index&sid=9793&wap=2,东风启辰,东风启辰 R50
iauto.ifeng.com/index.php?c=serial&a=index&sid=10177&wap=2,东风启辰,东风启辰 R50X
iauto.ifeng.com/index.php?c=serial&a=index&sid=9755&wap=2,东风启辰,东风启辰 晨风
iauto.ifeng.com/index.php?c=serial&a=index&sid=10305&wap=2,东风启辰,东风启辰 R30
iauto.ifeng.com/index.php?c=serial&a=index&sid=10417&wap=2,东风启辰,东风启辰 T70
iauto.ifeng.com/index.php?c=serial&a=index&sid=10565&wap=2,东风启辰,东风启辰 T70X
iauto.ifeng.com/index.php?c=serial&a=index&sid=10770&wap=2,东风启辰,东风启辰 T90
iauto.ifeng.com/index.php?c=serial&a=index&sid=10836&wap=2,东风启辰,东风启辰 M50V
iauto.ifeng.com/index.php?c=serial&a=index&sid=9691&wap=2,大通,大通 V80
iauto.ifeng.com/index.php?c=serial&a=index&sid=10256&wap=2,大通,大通 G10
iauto.ifeng.com/index.php?c=serial&a=index&sid=10798&wap=2,大通,大通 T60
iauto.ifeng.com/index.php?c=serial&a=index&sid=10121&wap=2,DS,DS DS 5
iauto.ifeng.com/index.php?c=serial&a=index&sid=9395&wap=2,DS,DS DS5（进口）
iauto.ifeng.com/index.php?c=serial&a=index&sid=10212&wap=2,DS,DS DS 5LS
iauto.ifeng.com/index.php?c=serial&a=index&sid=7089&wap=2,DS,DS DS3
iauto.ifeng.com/index.php?c=serial&a=index&sid=7086&wap=2,DS,DS DS4
iauto.ifeng.com/index.php?c=serial&a=index&sid=10286&wap=2,DS,DS DS 6
iauto.ifeng.com/index.php?c=serial&a=index&sid=10677&wap=2,DS,DS DS 4S
iauto.ifeng.com/index.php?c=serial&a=index&sid=1585&wap=2,福田,福田 风景
iauto.ifeng.com/index.php?c=serial&a=index&sid=2672&wap=2,福田,福田 迷迪
iauto.ifeng.com/index.php?c=serial&a=index&sid=10098&wap=2,福田,福田 蒙派克S
iauto.ifeng.com/index.php?c=serial&a=index&sid=9579&wap=2,福田,福田 拓陆者
iauto.ifeng.com/index.php?c=serial&a=index&sid=2424&wap=2,福田,福田 蒙派克E
iauto.ifeng.com/index.php?c=serial&a=index&sid=10307&wap=2,福田,福田 风景G7
iauto.ifeng.com/index.php?c=serial&a=index&sid=10403&wap=2,福田,福田 伽途V3
iauto.ifeng.com/index.php?c=serial&a=index&sid=10447&wap=2,福田,福田 萨瓦纳
iauto.ifeng.com/index.php?c=serial&a=index&sid=10510&wap=2,福田,福田 图雅诺
iauto.ifeng.com/index.php?c=serial&a=index&sid=10572&wap=2,福田,福田 伽途V5
iauto.ifeng.com/index.php?c=serial&a=index&sid=10613&wap=2,福田,福田 伽途ix5
iauto.ifeng.com/index.php?c=serial&a=index&sid=10614&wap=2,福田,福田 伽途ix7
iauto.ifeng.com/index.php?c=serial&a=index&sid=10708&wap=2,福田,福田 风景G9
iauto.ifeng.com/index.php?c=serial&a=index&sid=2864&wap=2,法拉利,法拉利 California
iauto.ifeng.com/index.php?c=serial&a=index&sid=9672&wap=2,法拉利,法拉利 F12 berlinetta
iauto.ifeng.com/index.php?c=serial&a=index&sid=10451&wap=2,法拉利,法拉利 488
iauto.ifeng.com/index.php?c=serial&a=index&sid=10627&wap=2,法拉利,法拉利 GTC4Lusso
iauto.ifeng.com/index.php?c=serial&a=index&sid=9682&wap=2,菲亚特,菲亚特 菲翔
iauto.ifeng.com/index.php?c=serial&a=index&sid=9594&wap=2,菲亚特,菲亚特 菲跃
iauto.ifeng.com/index.php?c=serial&a=index&sid=2824&wap=2,菲亚特,菲亚特 500
iauto.ifeng.com/index.php?c=serial&a=index&sid=10214&wap=2,菲亚特,菲亚特 致悦
iauto.ifeng.com/index.php?c=serial&a=index&sid=2701&wap=2,丰田,丰田 RAV4
iauto.ifeng.com/index.php?c=serial&a=index&sid=1991&wap=2,丰田,丰田 凯美瑞
iauto.ifeng.com/index.php?c=serial&a=index&sid=1879&wap=2,丰田,丰田 卡罗拉
iauto.ifeng.com/index.php?c=serial&a=index&sid=2694&wap=2,丰田,丰田 汉兰达
iauto.ifeng.com/index.php?c=serial&a=index&sid=10140&wap=2,丰田,丰田 致炫
iauto.ifeng.com/index.php?c=serial&a=index&sid=1868&wap=2,丰田,丰田 普拉多
iauto.ifeng.com/index.php?c=serial&a=index&sid=1871&wap=2,丰田,丰田 花冠EX
iauto.ifeng.com/index.php?c=serial&a=index&sid=1977&wap=2,丰田,丰田 锐志
iauto.ifeng.com/index.php?c=serial&a=index&sid=1872&wap=2,丰田,丰田 皇冠
iauto.ifeng.com/index.php?c=serial&a=index&sid=2407&wap=2,丰田,丰田 威驰
iauto.ifeng.com/index.php?c=serial&a=index&sid=8041&wap=2,丰田,丰田 逸致
iauto.ifeng.com/index.php?c=serial&a=index&sid=1911&wap=2,丰田,丰田 兰德酷路泽
iauto.ifeng.com/index.php?c=serial&a=index&sid=10095&wap=2,丰田,丰田 威飒
iauto.ifeng.com/index.php?c=serial&a=index&sid=2289&wap=2,丰田,丰田 雅力士
iauto.ifeng.com/index.php?c=serial&a=index&sid=1873&wap=2,丰田,丰田 普锐斯
iauto.ifeng.com/index.php?c=serial&a=index&sid=2002&wap=2,丰田,丰田 FJ酷路泽
iauto.ifeng.com/index.php?c=serial&a=index&sid=7348&wap=2,丰田,丰田 埃尔法
iauto.ifeng.com/index.php?c=serial&a=index&sid=1830&wap=2,丰田,丰田 红杉
iauto.ifeng.com/index.php?c=serial&a=index&sid=7107&wap=2,丰田,丰田 86
iauto.ifeng.com/index.php?c=serial&a=index&sid=2134&wap=2,丰田,丰田 普瑞维亚
iauto.ifeng.com/index.php?c=serial&a=index&sid=1869&wap=2,丰田,丰田 柯斯达
iauto.ifeng.com/index.php?c=serial&a=index&sid=8068&wap=2,丰田,丰田 坦途
iauto.ifeng.com/index.php?c=serial&a=index&sid=2494&wap=2,丰田,丰田 Sienna
iauto.ifeng.com/index.php?c=serial&a=index&sid=10213&wap=2,丰田,丰田 HIACE
iauto.ifeng.com/index.php?c=serial&a=index&sid=10557&wap=2,丰田,丰田 卡罗拉双擎
iauto.ifeng.com/index.php?c=serial&a=index&sid=10290&wap=2,丰田,丰田 雷凌
iauto.ifeng.com/index.php?c=serial&a=index&sid=10833&wap=2,丰田,丰田 致享
iauto.ifeng.com/index.php?c=serial&a=index&sid=10547&wap=2,丰田,丰田 Fortuner
iauto.ifeng.com/index.php?c=serial&a=index&sid=6319&wap=2,福特,福特 福克斯
iauto.ifeng.com/index.php?c=serial&a=index&sid=2941&wap=2,福特,福特 翼虎
iauto.ifeng.com/index.php?c=serial&a=index&sid=9623&wap=2,福特,福特 翼搏
iauto.ifeng.com/index.php?c=serial&a=index&sid=1610&wap=2,福特,福特 蒙迪欧
iauto.ifeng.com/index.php?c=serial&a=index&sid=7142&wap=2,福特,福特 锐界（进口）
iauto.ifeng.com/index.php?c=serial&a=index&sid=6884&wap=2,福特,福特 嘉年华
iauto.ifeng.com/index.php?c=serial&a=index&sid=8094&wap=2,福特,福特 探险者
iauto.ifeng.com/index.php?c=serial&a=index&sid=1615&wap=2,福特,福特 致胜
iauto.ifeng.com/index.php?c=serial&a=index&sid=8064&wap=2,福特,福特 F-150
iauto.ifeng.com/index.php?c=serial&a=index&sid=1603&wap=2,福特,福特 麦柯斯
iauto.ifeng.com/index.php?c=serial&a=index&sid=2498&wap=2,福特,福特 Mustang
iauto.ifeng.com/index.php?c=serial&a=index&sid=10091&wap=2,福特,福特 征服者
iauto.ifeng.com/index.php?c=serial&a=index&sid=7113&wap=2,福特,福特 福克斯ST
iauto.ifeng.com/index.php?c=serial&a=index&sid=9693&wap=2,福特,福特 经典全顺
iauto.ifeng.com/index.php?c=serial&a=index&sid=10110&wap=2,福特,福特 嘉年华ST
iauto.ifeng.com/index.php?c=serial&a=index&sid=10011&wap=2,福特,福特 新世代全顺
iauto.ifeng.com/index.php?c=serial&a=index&sid=2584&wap=2,福特,福特 Flex
iauto.ifeng.com/index.php?c=serial&a=index&sid=10481&wap=2,福特,福特 福克斯RS
iauto.ifeng.com/index.php?c=serial&a=index&sid=10292&wap=2,福特,福特 福睿斯
iauto.ifeng.com/index.php?c=serial&a=index&sid=10457&wap=2,福特,福特 锐界
iauto.ifeng.com/index.php?c=serial&a=index&sid=10540&wap=2,福特,福特 金牛座
iauto.ifeng.com/index.php?c=serial&a=index&sid=10555&wap=2,福特,福特 撼路者
iauto.ifeng.com/index.php?c=serial&a=index&sid=10725&wap=2,福特,福特 途睿欧
iauto.ifeng.com/index.php?c=serial&a=index&sid=10763&wap=2,福特,福特 全顺
iauto.ifeng.com/index.php?c=serial&a=index&sid=10228&wap=2,福汽启腾,福汽启腾 启腾M70
iauto.ifeng.com/index.php?c=serial&a=index&sid=10580&wap=2,福汽启腾,福汽启腾 启腾EX80
iauto.ifeng.com/index.php?c=serial&a=index&sid=10773&wap=2,福汽启腾,福汽启腾 启腾V60
iauto.ifeng.com/index.php?c=serial&a=index&sid=10273&wap=2,飞驰商务车,飞驰商务车 斯宾特
iauto.ifeng.com/index.php?c=serial&a=index&sid=10274&wap=2,飞驰商务车,飞驰商务车 威霆
iauto.ifeng.com/index.php?c=serial&a=index&sid=10362&wap=2,福迪,福迪 探索者3
iauto.ifeng.com/index.php?c=serial&a=index&sid=10363&wap=2,福迪,福迪 探索者6
iauto.ifeng.com/index.php?c=serial&a=index&sid=10390&wap=2,福迪,福迪 揽福
iauto.ifeng.com/index.php?c=serial&a=index&sid=10480&wap=2,福迪,福迪 雄狮F22
iauto.ifeng.com/index.php?c=serial&a=index&sid=10624&wap=2,福迪,福迪 小超人
iauto.ifeng.com/index.php?c=serial&a=index&sid=2331&wap=2,GMC,GMC Savana
iauto.ifeng.com/index.php?c=serial&a=index&sid=8097&wap=2,GMC,GMC Sierra
iauto.ifeng.com/index.php?c=serial&a=index&sid=8016&wap=2,光冈,光冈 女王
iauto.ifeng.com/index.php?c=serial&a=index&sid=8014&wap=2,光冈,光冈 大蛇
iauto.ifeng.com/index.php?c=serial&a=index&sid=8015&wap=2,光冈,光冈 嘉路
iauto.ifeng.com/index.php?c=serial&a=index&sid=9860&wap=2,观致,观致 观致3
iauto.ifeng.com/index.php?c=serial&a=index&sid=10393&wap=2,观致,观致 观致3都市SUV
iauto.ifeng.com/index.php?c=serial&a=index&sid=10592&wap=2,观致,观致 观致5
iauto.ifeng.com/index.php?c=serial&a=index&sid=2233&wap=2,哈飞,哈飞 路宝
iauto.ifeng.com/index.php?c=serial&a=index&sid=2235&wap=2,哈飞,哈飞 民意
iauto.ifeng.com/index.php?c=serial&a=index&sid=1709&wap=2,哈飞,哈飞 赛马
iauto.ifeng.com/index.php?c=serial&a=index&sid=2699&wap=2,哈飞,哈飞 路尊小霸王
iauto.ifeng.com/index.php?c=serial&a=index&sid=10014&wap=2,哈飞,哈飞 骏意
iauto.ifeng.com/index.php?c=serial&a=index&sid=9708&wap=2,红旗,红旗 H7
iauto.ifeng.com/index.php?c=serial&a=index&sid=10235&wap=2,红旗,红旗 L5
iauto.ifeng.com/index.php?c=serial&a=index&sid=10060&wap=2,海马,海马 S7
iauto.ifeng.com/index.php?c=serial&a=index&sid=1725&wap=2,海马,海马 普力马
iauto.ifeng.com/index.php?c=serial&a=index&sid=6390&wap=2,海马,海马 福美来
iauto.ifeng.com/index.php?c=serial&a=index&sid=9855&wap=2,海马,海马 M3
iauto.ifeng.com/index.php?c=serial&a=index&sid=3051&wap=2,海马,海马 骑士
iauto.ifeng.com/index.php?c=serial&a=index&sid=2984&wap=2,海马,海马 丘比特
iauto.ifeng.com/index.php?c=serial&a=index&sid=1665&wap=2,海马,海马 海福星
iauto.ifeng.com/index.php?c=serial&a=index&sid=3013&wap=2,海马,海马 王子
iauto.ifeng.com/index.php?c=serial&a=index&sid=9730&wap=2,海马,海马 M8
iauto.ifeng.com/index.php?c=serial&a=index&sid=9441&wap=2,海马,海马 爱尚
iauto.ifeng.com/index.php?c=serial&a=index&sid=9439&wap=2,海马,海马 福仕达
iauto.ifeng.com/index.php?c=serial&a=index&sid=10223&wap=2,海马,海马 S5
iauto.ifeng.com/index.php?c=serial&a=index&sid=10509&wap=2,海马,海马 M6
iauto.ifeng.com/index.php?c=serial&a=index&sid=10634&wap=2,海马,海马 福美来七座版
iauto.ifeng.com/index.php?c=serial&a=index&sid=10834&wap=2,海马,海马 S5 Young
iauto.ifeng.com/index.php?c=serial&a=index&sid=8103&wap=2,华泰,华泰 宝利格
iauto.ifeng.com/index.php?c=serial&a=index&sid=1743&wap=2,华泰,华泰 经典圣达菲
iauto.ifeng.com/index.php?c=serial&a=index&sid=7228&wap=2,华泰,华泰 路盛E70
iauto.ifeng.com/index.php?c=serial&a=index&sid=2265&wap=2,华泰,华泰 特拉卡
iauto.ifeng.com/index.php?c=serial&a=index&sid=7311&wap=2,华泰,华泰 B11
iauto.ifeng.com/index.php?c=serial&a=index&sid=10319&wap=2,华泰,华泰 圣达菲
iauto.ifeng.com/index.php?c=serial&a=index&sid=10744&wap=2,华泰,华泰 路盛E80
iauto.ifeng.com/index.php?c=serial&a=index&sid=9486&wap=2,黄海,黄海 旗胜F1
iauto.ifeng.com/index.php?c=serial&a=index&sid=1858&wap=2,黄海,黄海 挑战者
iauto.ifeng.com/index.php?c=serial&a=index&sid=9487&wap=2,黄海,黄海 旗胜V3
iauto.ifeng.com/index.php?c=serial&a=index&sid=7419&wap=2,黄海,黄海 大柴神
iauto.ifeng.com/index.php?c=serial&a=index&sid=10000&wap=2,黄海,黄海 傲俊
iauto.ifeng.com/index.php?c=serial&a=index&sid=10364&wap=2,黄海,黄海 N1 
iauto.ifeng.com/index.php?c=serial&a=index&sid=10533&wap=2,黄海,黄海 N2
iauto.ifeng.com/index.php?c=serial&a=index&sid=10734&wap=2,黄海,黄海 瑞途
iauto.ifeng.com/index.php?c=serial&a=index&sid=10129&wap=2,恒天,恒天 途腾T3
iauto.ifeng.com/index.php?c=serial&a=index&sid=9790&wap=2,恒天,恒天 途腾T1
iauto.ifeng.com/index.php?c=serial&a=index&sid=9791&wap=2,恒天,恒天 途腾T2
iauto.ifeng.com/index.php?c=serial&a=index&sid=7364&wap=2,哈弗,哈弗 H6
iauto.ifeng.com/index.php?c=serial&a=index&sid=7362&wap=2,哈弗,哈弗 H8
iauto.ifeng.com/index.php?c=serial&a=index&sid=7153&wap=2,哈弗,哈弗 H5
iauto.ifeng.com/index.php?c=serial&a=index&sid=10047&wap=2,哈弗,哈弗 H2
iauto.ifeng.com/index.php?c=serial&a=index&sid=10048&wap=2,哈弗,哈弗 H7
iauto.ifeng.com/index.php?c=serial&a=index&sid=10349&wap=2,哈弗,哈弗 H9
iauto.ifeng.com/index.php?c=serial&a=index&sid=10377&wap=2,哈弗,哈弗 H1
iauto.ifeng.com/index.php?c=serial&a=index&sid=10511&wap=2,哈弗,哈弗 H6 Coupe
iauto.ifeng.com/index.php?c=serial&a=index&sid=10792&wap=2,哈弗,哈弗 H2s
iauto.ifeng.com/index.php?c=serial&a=index&sid=10185&wap=2,海格,海格 海格H5C
iauto.ifeng.com/index.php?c=serial&a=index&sid=10206&wap=2,海格,海格 海格H5V
iauto.ifeng.com/index.php?c=serial&a=index&sid=10374&wap=2,海格,海格 海格H6C
iauto.ifeng.com/index.php?c=serial&a=index&sid=10375&wap=2,海格,海格 海格H6V
iauto.ifeng.com/index.php?c=serial&a=index&sid=10486&wap=2,海格,海格 龙威
iauto.ifeng.com/index.php?c=serial&a=index&sid=10389&wap=2,华颂,华颂 7
iauto.ifeng.com/index.php?c=serial&a=index&sid=10646&wap=2,华凯,华凯 华凯
iauto.ifeng.com/index.php?c=serial&a=index&sid=10722&wap=2,汉腾汽车,汉腾汽车 X7
iauto.ifeng.com/index.php?c=serial&a=index&sid=10643&wap=2,华泰新能源,华泰新能源 iEV230
iauto.ifeng.com/index.php?c=serial&a=index&sid=10644&wap=2,华泰新能源,华泰新能源 XEV260
iauto.ifeng.com/index.php?c=serial&a=index&sid=10135&wap=2,吉奥,吉奥 星朗
iauto.ifeng.com/index.php?c=serial&a=index&sid=7332&wap=2,吉奥,吉奥 奥轩G5
iauto.ifeng.com/index.php?c=serial&a=index&sid=9761&wap=2,吉奥,吉奥 奥轩GX5 
iauto.ifeng.com/index.php?c=serial&a=index&sid=7391&wap=2,吉奥,吉奥 星旺
iauto.ifeng.com/index.php?c=serial&a=index&sid=8065&wap=2,吉奥,吉奥 财运300
iauto.ifeng.com/index.php?c=serial&a=index&sid=9447&wap=2,吉奥,吉奥 财运500
iauto.ifeng.com/index.php?c=serial&a=index&sid=9774&wap=2,吉奥,吉奥 财运100
iauto.ifeng.com/index.php?c=serial&a=index&sid=10268&wap=2,吉奥,吉奥 星旺CL
iauto.ifeng.com/index.php?c=serial&a=index&sid=10259&wap=2,吉奥,吉奥 星旺L
iauto.ifeng.com/index.php?c=serial&a=index&sid=10316&wap=2,吉奥,吉奥 E美
iauto.ifeng.com/index.php?c=serial&a=index&sid=10360&wap=2,吉奥,吉奥 GX6
iauto.ifeng.com/index.php?c=serial&a=index&sid=10365&wap=2,吉奥,吉奥 GP150
iauto.ifeng.com/index.php?c=serial&a=index&sid=1832&wap=2,Jeep,Jeep 指南者
iauto.ifeng.com/index.php?c=serial&a=index&sid=2007&wap=2,Jeep,Jeep 大切诺基
iauto.ifeng.com/index.php?c=serial&a=index&sid=2115&wap=2,Jeep,Jeep 牧马人
iauto.ifeng.com/index.php?c=serial&a=index&sid=2114&wap=2,Jeep,Jeep 自由客
iauto.ifeng.com/index.php?c=serial&a=index&sid=10036&wap=2,Jeep,Jeep 自由光（进口）
iauto.ifeng.com/index.php?c=serial&a=index&sid=10588&wap=2,Jeep,Jeep 自由光
iauto.ifeng.com/index.php?c=serial&a=index&sid=10684&wap=2,Jeep,Jeep 自由侠
iauto.ifeng.com/index.php?c=serial&a=index&sid=10789&wap=2,Jeep,Jeep 指南者
iauto.ifeng.com/index.php?c=serial&a=index&sid=9703&wap=2,江淮,江淮 瑞风S5
iauto.ifeng.com/index.php?c=serial&a=index&sid=7456&wap=2,江淮,江淮 瑞风M2
iauto.ifeng.com/index.php?c=serial&a=index&sid=9639&wap=2,江淮,江淮 瑞风M5
iauto.ifeng.com/index.php?c=serial&a=index&sid=2975&wap=2,江淮,江淮 和悦
iauto.ifeng.com/index.php?c=serial&a=index&sid=2251&wap=2,江淮,江淮 瑞风
iauto.ifeng.com/index.php?c=serial&a=index&sid=2983&wap=2,江淮,江淮 悦悦
iauto.ifeng.com/index.php?c=serial&a=index&sid=10119&wap=2,江淮,江淮 和悦A30
iauto.ifeng.com/index.php?c=serial&a=index&sid=9369&wap=2,江淮,江淮 星锐
iauto.ifeng.com/index.php?c=serial&a=index&sid=10269&wap=2,江淮,江淮 和悦A13
iauto.ifeng.com/index.php?c=serial&a=index&sid=10257&wap=2,江淮,江淮 iEV
iauto.ifeng.com/index.php?c=serial&a=index&sid=10270&wap=2,江淮,江淮 和悦A13RS
iauto.ifeng.com/index.php?c=serial&a=index&sid=10302&wap=2,江淮,江淮 瑞风A60
iauto.ifeng.com/index.php?c=serial&a=index&sid=10333&wap=2,江淮,江淮 瑞风S3
iauto.ifeng.com/index.php?c=serial&a=index&sid=10456&wap=2,江淮,江淮 瑞风M3
iauto.ifeng.com/index.php?c=serial&a=index&sid=10513&wap=2,江淮,江淮 帅铃T6
iauto.ifeng.com/index.php?c=serial&a=index&sid=10542&wap=2,江淮,江淮 瑞风S2
iauto.ifeng.com/index.php?c=serial&a=index&sid=10623&wap=2,江淮,江淮 iEV6S
iauto.ifeng.com/index.php?c=serial&a=index&sid=10655&wap=2,江淮,江淮 瑞铃
iauto.ifeng.com/index.php?c=serial&a=index&sid=10701&wap=2,江淮,江淮 瑞风M4
iauto.ifeng.com/index.php?c=serial&a=index&sid=10808&wap=2,江淮,江淮 瑞风S2 mini
iauto.ifeng.com/index.php?c=serial&a=index&sid=8092&wap=2,江铃,江铃 驭胜S350
iauto.ifeng.com/index.php?c=serial&a=index&sid=10021&wap=2,江铃,江铃 宝典
iauto.ifeng.com/index.php?c=serial&a=index&sid=9808&wap=2,江铃,江铃 域虎
iauto.ifeng.com/index.php?c=serial&a=index&sid=10735&wap=2,江铃,江铃 驭胜S330
iauto.ifeng.com/index.php?c=serial&a=index&sid=2354&wap=2,捷豹,捷豹 XF
iauto.ifeng.com/index.php?c=serial&a=index&sid=2005&wap=2,捷豹,捷豹 XJ
iauto.ifeng.com/index.php?c=serial&a=index&sid=9783&wap=2,捷豹,捷豹 F-TYPE
iauto.ifeng.com/index.php?c=serial&a=index&sid=9479&wap=2,捷豹,捷豹 XE
iauto.ifeng.com/index.php?c=serial&a=index&sid=10544&wap=2,捷豹,捷豹 F-PACE
iauto.ifeng.com/index.php?c=serial&a=index&sid=10674&wap=2,捷豹,捷豹 XFL
iauto.ifeng.com/index.php?c=serial&a=index&sid=9719&wap=2,吉利,吉利 SX7
iauto.ifeng.com/index.php?c=serial&a=index&sid=1666&wap=2,吉利,吉利 金刚
iauto.ifeng.com/index.php?c=serial&a=index&sid=9427&wap=2,吉利,吉利 GC7
iauto.ifeng.com/index.php?c=serial&a=index&sid=1734&wap=2,吉利,吉利 远景
iauto.ifeng.com/index.php?c=serial&a=index&sid=9782&wap=2,吉利,吉利 SC3
iauto.ifeng.com/index.php?c=serial&a=index&sid=8174&wap=2,吉利,吉利 金刚财富
iauto.ifeng.com/index.php?c=serial&a=index&sid=10304&wap=2,吉利,吉利 熊猫CROSS
iauto.ifeng.com/index.php?c=serial&a=index&sid=10343&wap=2,吉利,吉利 新帝豪
iauto.ifeng.com/index.php?c=serial&a=index&sid=10415&wap=2,吉利,吉利 博瑞
iauto.ifeng.com/index.php?c=serial&a=index&sid=10586&wap=2,吉利,吉利 博越
iauto.ifeng.com/index.php?c=serial&a=index&sid=10672&wap=2,吉利,吉利 帝豪GS
iauto.ifeng.com/index.php?c=serial&a=index&sid=10728&wap=2,吉利,吉利 远景SUV
iauto.ifeng.com/index.php?c=serial&a=index&sid=10732&wap=2,吉利,吉利 帝豪GL
iauto.ifeng.com/index.php?c=serial&a=index&sid=10787&wap=2,吉利,吉利 帝豪EV
iauto.ifeng.com/index.php?c=serial&a=index&sid=10819&wap=2,吉利,吉利 远景X1
iauto.ifeng.com/index.php?c=serial&a=index&sid=9420&wap=2,金杯,金杯 智尚S30
iauto.ifeng.com/index.php?c=serial&a=index&sid=1732&wap=2,金杯,金杯 阁瑞斯
iauto.ifeng.com/index.php?c=serial&a=index&sid=10161&wap=2,金杯,金杯 海狮
iauto.ifeng.com/index.php?c=serial&a=index&sid=1731&wap=2,金杯,金杯 大海狮
iauto.ifeng.com/index.php?c=serial&a=index&sid=9512&wap=2,金杯,金杯 S50
iauto.ifeng.com/index.php?c=serial&a=index&sid=10786&wap=2,金杯,金杯 新快运
iauto.ifeng.com/index.php?c=serial&a=index&sid=10426&wap=2,金杯,金杯 小海狮X30
iauto.ifeng.com/index.php?c=serial&a=index&sid=10427&wap=2,金杯,金杯 海星A9
iauto.ifeng.com/index.php?c=serial&a=index&sid=10428&wap=2,金杯,金杯 海星A7
iauto.ifeng.com/index.php?c=serial&a=index&sid=10452&wap=2,金杯,金杯 T30
iauto.ifeng.com/index.php?c=serial&a=index&sid=10453&wap=2,金杯,金杯 T32
iauto.ifeng.com/index.php?c=serial&a=index&sid=10493&wap=2,金杯,金杯 750
iauto.ifeng.com/index.php?c=serial&a=index&sid=10607&wap=2,金杯,金杯 海狮X30L
iauto.ifeng.com/index.php?c=serial&a=index&sid=10822&wap=2,金杯,金杯 T50
iauto.ifeng.com/index.php?c=serial&a=index&sid=10823&wap=2,金杯,金杯 T52
iauto.ifeng.com/index.php?c=serial&a=index&sid=10331&wap=2,金杯,金杯 雷龙
iauto.ifeng.com/index.php?c=serial&a=index&sid=10515&wap=2,金杯,金杯 大力神
iauto.ifeng.com/index.php?c=serial&a=index&sid=10537&wap=2,金杯,金杯 西部牛仔
iauto.ifeng.com/index.php?c=serial&a=index&sid=10538&wap=2,金杯,金杯 小金牛
iauto.ifeng.com/index.php?c=serial&a=index&sid=10601&wap=2,金杯,金杯 智尚S35
iauto.ifeng.com/index.php?c=serial&a=index&sid=10665&wap=2,金杯,金杯 大力神K5
iauto.ifeng.com/index.php?c=serial&a=index&sid=10710&wap=2,金杯,金杯 蒂阿兹
iauto.ifeng.com/index.php?c=serial&a=index&sid=10727&wap=2,金杯,金杯 金典
iauto.ifeng.com/index.php?c=serial&a=index&sid=10807&wap=2,金龙,金龙 金威
iauto.ifeng.com/index.php?c=serial&a=index&sid=10338&wap=2,九龙,九龙 艾菲
iauto.ifeng.com/index.php?c=serial&a=index&sid=10339&wap=2,九龙,九龙 大MPV
iauto.ifeng.com/index.php?c=serial&a=index&sid=10340&wap=2,九龙,九龙 九龙A5
iauto.ifeng.com/index.php?c=serial&a=index&sid=10341&wap=2,九龙,九龙 九龙A6
iauto.ifeng.com/index.php?c=serial&a=index&sid=10737&wap=2,江铃集团轻汽,江铃集团轻汽 骐铃T3
iauto.ifeng.com/index.php?c=serial&a=index&sid=10738&wap=2,江铃集团轻汽,江铃集团轻汽 骐铃T5
iauto.ifeng.com/index.php?c=serial&a=index&sid=10739&wap=2,江铃集团轻汽,江铃集团轻汽 骐铃T7
iauto.ifeng.com/index.php?c=serial&a=index&sid=10740&wap=2,江铃集团新能源,江铃集团新能源 江铃E200
iauto.ifeng.com/index.php?c=serial&a=index&sid=1567&wap=2,克莱斯勒,克莱斯勒 大捷龙(进口)
iauto.ifeng.com/index.php?c=serial&a=index&sid=9674&wap=2,克莱斯勒,克莱斯勒 300C（进口）
iauto.ifeng.com/index.php?c=serial&a=index&sid=1834&wap=2,凯迪拉克,凯迪拉克 SRX
iauto.ifeng.com/index.php?c=serial&a=index&sid=7161&wap=2,凯迪拉克,凯迪拉克 XTS
iauto.ifeng.com/index.php?c=serial&a=index&sid=2012&wap=2,凯迪拉克,凯迪拉克 凯雷德
iauto.ifeng.com/index.php?c=serial&a=index&sid=6873&wap=2,凯迪拉克,凯迪拉克 CTS
iauto.ifeng.com/index.php?c=serial&a=index&sid=9501&wap=2,凯迪拉克,凯迪拉克 ATS
iauto.ifeng.com/index.php?c=serial&a=index&sid=10324&wap=2,凯迪拉克,凯迪拉克 ATS-L
iauto.ifeng.com/index.php?c=serial&a=index&sid=10600&wap=2,凯迪拉克,凯迪拉克 CT6
iauto.ifeng.com/index.php?c=serial&a=index&sid=10654&wap=2,凯迪拉克,凯迪拉克 XT5
iauto.ifeng.com/index.php?c=serial&a=index&sid=1691&wap=2,开瑞,开瑞 优优
iauto.ifeng.com/index.php?c=serial&a=index&sid=2944&wap=2,开瑞,开瑞 优雅
iauto.ifeng.com/index.php?c=serial&a=index&sid=10115&wap=2,开瑞,开瑞 优雅2代
iauto.ifeng.com/index.php?c=serial&a=index&sid=3076&wap=2,开瑞,开瑞 优胜2代
iauto.ifeng.com/index.php?c=serial&a=index&sid=10026&wap=2,开瑞,开瑞 优优2代
iauto.ifeng.com/index.php?c=serial&a=index&sid=10431&wap=2,开瑞,开瑞 K50
iauto.ifeng.com/index.php?c=serial&a=index&sid=10545&wap=2,开瑞,开瑞 杰虎
iauto.ifeng.com/index.php?c=serial&a=index&sid=10605&wap=2,开瑞,开瑞 优劲
iauto.ifeng.com/index.php?c=serial&a=index&sid=10749&wap=2,开瑞,开瑞 K60
iauto.ifeng.com/index.php?c=serial&a=index&sid=2947&wap=2,科尼赛克,科尼赛克 CCXR
iauto.ifeng.com/index.php?c=serial&a=index&sid=10391&wap=2,凯翼,凯翼 C3
iauto.ifeng.com/index.php?c=serial&a=index&sid=10392&wap=2,凯翼,凯翼 C3R
iauto.ifeng.com/index.php?c=serial&a=index&sid=10628&wap=2,凯翼,凯翼 X3
iauto.ifeng.com/index.php?c=serial&a=index&sid=10720&wap=2,凯翼,凯翼 V3
iauto.ifeng.com/index.php?c=serial&a=index&sid=10522&wap=2,康迪,康迪 K10
iauto.ifeng.com/index.php?c=serial&a=index&sid=10523&wap=2,康迪,康迪 K11
iauto.ifeng.com/index.php?c=serial&a=index&sid=1656&wap=2,猎豹,猎豹 CS6
iauto.ifeng.com/index.php?c=serial&a=index&sid=1570&wap=2,猎豹,猎豹 飞腾
iauto.ifeng.com/index.php?c=serial&a=index&sid=1655&wap=2,猎豹,猎豹 黑金刚
iauto.ifeng.com/index.php?c=serial&a=index&sid=10298&wap=2,猎豹,猎豹 Q6
iauto.ifeng.com/index.php?c=serial&a=index&sid=10299&wap=2,猎豹,猎豹 飞腾C5
iauto.ifeng.com/index.php?c=serial&a=index&sid=10408&wap=2,猎豹,猎豹 猎豹6481
iauto.ifeng.com/index.php?c=serial&a=index&sid=10410&wap=2,猎豹,猎豹 猎豹CT5
iauto.ifeng.com/index.php?c=serial&a=index&sid=10512&wap=2,猎豹,猎豹 猎豹CS10
iauto.ifeng.com/index.php?c=serial&a=index&sid=10815&wap=2,猎豹,猎豹 CT7
iauto.ifeng.com/index.php?c=serial&a=index&sid=10848&wap=2,猎豹,猎豹 CS9
iauto.ifeng.com/index.php?c=serial&a=index&sid=9830&wap=2,陆风,陆风 X5
iauto.ifeng.com/index.php?c=serial&a=index&sid=2951&wap=2,陆风,陆风 X8
iauto.ifeng.com/index.php?c=serial&a=index&sid=2250&wap=2,陆风,陆风 X9
iauto.ifeng.com/index.php?c=serial&a=index&sid=2249&wap=2,陆风,陆风 X6
iauto.ifeng.com/index.php?c=serial&a=index&sid=1758&wap=2,陆风,陆风 风尚
iauto.ifeng.com/index.php?c=serial&a=index&sid=10394&wap=2,陆风,陆风 X7
iauto.ifeng.com/index.php?c=serial&a=index&sid=7407&wap=2,力帆,力帆 X60
iauto.ifeng.com/index.php?c=serial&a=index&sid=2968&wap=2,力帆,力帆 320
iauto.ifeng.com/index.php?c=serial&a=index&sid=2425&wap=2,力帆,力帆 620
iauto.ifeng.com/index.php?c=serial&a=index&sid=1989&wap=2,力帆,力帆 520
iauto.ifeng.com/index.php?c=serial&a=index&sid=9405&wap=2,力帆,力帆 720
iauto.ifeng.com/index.php?c=serial&a=index&sid=10158&wap=2,力帆,力帆 330
iauto.ifeng.com/index.php?c=serial&a=index&sid=9444&wap=2,力帆,力帆 兴顺
iauto.ifeng.com/index.php?c=serial&a=index&sid=7410&wap=2,力帆,力帆 丰顺
iauto.ifeng.com/index.php?c=serial&a=index&sid=10159&wap=2,力帆,力帆 530
iauto.ifeng.com/index.php?c=serial&a=index&sid=10160&wap=2,力帆,力帆 630
iauto.ifeng.com/index.php?c=serial&a=index&sid=10306&wap=2,力帆,力帆 820
iauto.ifeng.com/index.php?c=serial&a=index&sid=10347&wap=2,力帆,力帆 X50
iauto.ifeng.com/index.php?c=serial&a=index&sid=10418&wap=2,力帆,力帆 乐途
iauto.ifeng.com/index.php?c=serial&a=index&sid=10667&wap=2,力帆,力帆 X80
iauto.ifeng.com/index.php?c=serial&a=index&sid=10683&wap=2,力帆,力帆 迈威
iauto.ifeng.com/index.php?c=serial&a=index&sid=10760&wap=2,力帆,力帆 轩朗
iauto.ifeng.com/index.php?c=serial&a=index&sid=8194&wap=2,兰博基尼,兰博基尼 Aventador
iauto.ifeng.com/index.php?c=serial&a=index&sid=10220&wap=2,兰博基尼,兰博基尼 Huracan
iauto.ifeng.com/index.php?c=serial&a=index&sid=2041&wap=2,劳斯莱斯,劳斯莱斯 幻影
iauto.ifeng.com/index.php?c=serial&a=index&sid=2738&wap=2,劳斯莱斯,劳斯莱斯 古思特
iauto.ifeng.com/index.php?c=serial&a=index&sid=10044&wap=2,劳斯莱斯,劳斯莱斯 魅影
iauto.ifeng.com/index.php?c=serial&a=index&sid=7393&wap=2,雷克萨斯,雷克萨斯 CT
iauto.ifeng.com/index.php?c=serial&a=index&sid=2109&wap=2,雷克萨斯,雷克萨斯 ES
iauto.ifeng.com/index.php?c=serial&a=index&sid=6911&wap=2,雷克萨斯,雷克萨斯 RX
iauto.ifeng.com/index.php?c=serial&a=index&sid=2110&wap=2,雷克萨斯,雷克萨斯 IS
iauto.ifeng.com/index.php?c=serial&a=index&sid=1996&wap=2,雷克萨斯,雷克萨斯 LS
iauto.ifeng.com/index.php?c=serial&a=index&sid=2073&wap=2,雷克萨斯,雷克萨斯 LX
iauto.ifeng.com/index.php?c=serial&a=index&sid=2072&wap=2,雷克萨斯,雷克萨斯 GS
iauto.ifeng.com/index.php?c=serial&a=index&sid=2501&wap=2,雷克萨斯,雷克萨斯 GX
iauto.ifeng.com/index.php?c=serial&a=index&sid=10199&wap=2,雷克萨斯,雷克萨斯 RC F
iauto.ifeng.com/index.php?c=serial&a=index&sid=10284&wap=2,雷克萨斯,雷克萨斯 NX
iauto.ifeng.com/index.php?c=serial&a=index&sid=10602&wap=2,雷克萨斯,雷克萨斯 RC
iauto.ifeng.com/index.php?c=serial&a=index&sid=2871&wap=2,雷诺,雷诺 科雷傲（进口）
iauto.ifeng.com/index.php?c=serial&a=index&sid=9372&wap=2,雷诺,雷诺 风朗
iauto.ifeng.com/index.php?c=serial&a=index&sid=2161&wap=2,雷诺,雷诺 风景
iauto.ifeng.com/index.php?c=serial&a=index&sid=8034&wap=2,雷诺,雷诺 纬度
iauto.ifeng.com/index.php?c=serial&a=index&sid=2160&wap=2,雷诺,雷诺 梅甘娜
iauto.ifeng.com/index.php?c=serial&a=index&sid=9702&wap=2,雷诺,雷诺 塔利斯曼
iauto.ifeng.com/index.php?c=serial&a=index&sid=10518&wap=2,雷诺,雷诺 卡缤
iauto.ifeng.com/index.php?c=serial&a=index&sid=10608&wap=2,雷诺,雷诺 科雷嘉
iauto.ifeng.com/index.php?c=serial&a=index&sid=10692&wap=2,雷诺,雷诺 科雷傲
iauto.ifeng.com/index.php?c=serial&a=index&sid=2086&wap=2,林肯,林肯 NAVIGATOR
iauto.ifeng.com/index.php?c=serial&a=index&sid=2008&wap=2,林肯,林肯 MKX
iauto.ifeng.com/index.php?c=serial&a=index&sid=2950&wap=2,林肯,林肯 MKT
iauto.ifeng.com/index.php?c=serial&a=index&sid=10194&wap=2,林肯,林肯 MKC
iauto.ifeng.com/index.php?c=serial&a=index&sid=2392&wap=2,林肯,林肯 MKZ
iauto.ifeng.com/index.php?c=serial&a=index&sid=8076&wap=2,林肯,林肯 MKS
iauto.ifeng.com/index.php?c=serial&a=index&sid=10615&wap=2,林肯,林肯 大陆
iauto.ifeng.com/index.php?c=serial&a=index&sid=2060&wap=2,路虎,路虎 神行者
iauto.ifeng.com/index.php?c=serial&a=index&sid=2149&wap=2,路虎,路虎 揽胜
iauto.ifeng.com/index.php?c=serial&a=index&sid=2087&wap=2,路虎,路虎 发现
iauto.ifeng.com/index.php?c=serial&a=index&sid=2588&wap=2,路虎,路虎 揽胜运动版
iauto.ifeng.com/index.php?c=serial&a=index&sid=10353&wap=2,路虎,路虎 发现神行（进口）
iauto.ifeng.com/index.php?c=serial&a=index&sid=10449&wap=2,路虎,路虎 揽胜极光
iauto.ifeng.com/index.php?c=serial&a=index&sid=10556&wap=2,路虎,路虎 发现神行
iauto.ifeng.com/index.php?c=serial&a=index&sid=9821&wap=2,铃木,铃木 锋驭
iauto.ifeng.com/index.php?c=serial&a=index&sid=2933&wap=2,铃木,铃木 奥拓
iauto.ifeng.com/index.php?c=serial&a=index&sid=1619&wap=2,铃木,铃木 天语SX4
iauto.ifeng.com/index.php?c=serial&a=index&sid=1617&wap=2,铃木,铃木 雨燕
iauto.ifeng.com/index.php?c=serial&a=index&sid=1599&wap=2,铃木,铃木 北斗星
iauto.ifeng.com/index.php?c=serial&a=index&sid=1955&wap=2,铃木,铃木 吉姆尼
iauto.ifeng.com/index.php?c=serial&a=index&sid=1618&wap=2,铃木,铃木 羚羊
iauto.ifeng.com/index.php?c=serial&a=index&sid=8113&wap=2,铃木,铃木 天语尚悦
iauto.ifeng.com/index.php?c=serial&a=index&sid=2031&wap=2,铃木,铃木 超级维特拉
iauto.ifeng.com/index.php?c=serial&a=index&sid=1590&wap=2,铃木,铃木 浪迪
iauto.ifeng.com/index.php?c=serial&a=index&sid=3019&wap=2,铃木,铃木 凯泽西
iauto.ifeng.com/index.php?c=serial&a=index&sid=2982&wap=2,铃木,铃木 派喜
iauto.ifeng.com/index.php?c=serial&a=index&sid=9465&wap=2,铃木,铃木 爱迪尔A+
iauto.ifeng.com/index.php?c=serial&a=index&sid=10225&wap=2,铃木,铃木 速翼特
iauto.ifeng.com/index.php?c=serial&a=index&sid=10467&wap=2,铃木,铃木 利亚纳A6
iauto.ifeng.com/index.php?c=serial&a=index&sid=10468&wap=2,铃木,铃木 北斗星X5
iauto.ifeng.com/index.php?c=serial&a=index&sid=10355&wap=2,铃木,铃木 启悦
iauto.ifeng.com/index.php?c=serial&a=index&sid=10562&wap=2,铃木,铃木 维特拉
iauto.ifeng.com/index.php?c=serial&a=index&sid=2047&wap=2,路特斯,路特斯 Elise
iauto.ifeng.com/index.php?c=serial&a=index&sid=9583&wap=2,路特斯,路特斯 Exige
iauto.ifeng.com/index.php?c=serial&a=index&sid=7109&wap=2,路特斯,路特斯 Evora
iauto.ifeng.com/index.php?c=serial&a=index&sid=10015&wap=2,劳伦士,劳伦士 S级
iauto.ifeng.com/index.php?c=serial&a=index&sid=10016&wap=2,劳伦士,劳伦士 M级
iauto.ifeng.com/index.php?c=serial&a=index&sid=3074&wap=2,理念,理念 S1
iauto.ifeng.com/index.php?c=serial&a=index&sid=3048&wap=2,莲花,莲花 L3
iauto.ifeng.com/index.php?c=serial&a=index&sid=7316&wap=2,莲花,莲花 L5
iauto.ifeng.com/index.php?c=serial&a=index&sid=10421&wap=2,雷丁,雷丁 D50
iauto.ifeng.com/index.php?c=serial&a=index&sid=2120&wap=2,玛莎拉蒂,玛莎拉蒂 总裁
iauto.ifeng.com/index.php?c=serial&a=index&sid=2246&wap=2,玛莎拉蒂,玛莎拉蒂 GranTurismo
iauto.ifeng.com/index.php?c=serial&a=index&sid=7366&wap=2,玛莎拉蒂,玛莎拉蒂 GranCabrio
iauto.ifeng.com/index.php?c=serial&a=index&sid=10035&wap=2,玛莎拉蒂,玛莎拉蒂 Ghibli
iauto.ifeng.com/index.php?c=serial&a=index&sid=10636&wap=2,玛莎拉蒂,玛莎拉蒂 Levante
iauto.ifeng.com/index.php?c=serial&a=index&sid=2043&wap=2,MINI,MINI MINI
iauto.ifeng.com/index.php?c=serial&a=index&sid=7092&wap=2,MINI,MINI MINI COUNTRYMAN
iauto.ifeng.com/index.php?c=serial&a=index&sid=2794&wap=2,MINI,MINI MINI CLUBMAN
iauto.ifeng.com/index.php?c=serial&a=index&sid=2920&wap=2,MINI,MINI MINI CABRIO
iauto.ifeng.com/index.php?c=serial&a=index&sid=1914&wap=2,马自达,马自达 马自达6
iauto.ifeng.com/index.php?c=serial&a=index&sid=10114&wap=2,马自达,马自达 CX-5
iauto.ifeng.com/index.php?c=serial&a=index&sid=2296&wap=2,马自达,马自达 马自达3
iauto.ifeng.com/index.php?c=serial&a=index&sid=2142&wap=2,马自达,马自达 马自达5
iauto.ifeng.com/index.php?c=serial&a=index&sid=9478&wap=2,马自达,马自达 马自达3星骋
iauto.ifeng.com/index.php?c=serial&a=index&sid=2879&wap=2,马自达,马自达 CX-7（进口）
iauto.ifeng.com/index.php?c=serial&a=index&sid=1604&wap=2,马自达,马自达 马自达2
iauto.ifeng.com/index.php?c=serial&a=index&sid=2566&wap=2,马自达,马自达 睿翼
iauto.ifeng.com/index.php?c=serial&a=index&sid=10102&wap=2,马自达,马自达 ATENZA
iauto.ifeng.com/index.php?c=serial&a=index&sid=9473&wap=2,马自达,马自达 CX-5（进口）
iauto.ifeng.com/index.php?c=serial&a=index&sid=7071&wap=2,马自达,马自达 马自达8
iauto.ifeng.com/index.php?c=serial&a=index&sid=9506&wap=2,马自达,马自达 CX-9
iauto.ifeng.com/index.php?c=serial&a=index&sid=10266&wap=2,马自达,马自达 马自达3 Axela 昂克赛拉
iauto.ifeng.com/index.php?c=serial&a=index&sid=10276&wap=2,马自达,马自达 马自达6 Atenza 阿特兹
iauto.ifeng.com/index.php?c=serial&a=index&sid=10322&wap=2,马自达,马自达 CX-7
iauto.ifeng.com/index.php?c=serial&a=index&sid=10673&wap=2,马自达,马自达 CX-4
iauto.ifeng.com/index.php?c=serial&a=index&sid=2952&wap=2,MG,MG MG6
iauto.ifeng.com/index.php?c=serial&a=index&sid=7353&wap=2,MG,MG MG3
iauto.ifeng.com/index.php?c=serial&a=index&sid=10321&wap=2,MG,MG MG 锐行
iauto.ifeng.com/index.php?c=serial&a=index&sid=10425&wap=2,MG,MG MG 锐腾
iauto.ifeng.com/index.php?c=serial&a=index&sid=10584&wap=2,MG,MG MG 3SW
iauto.ifeng.com/index.php?c=serial&a=index&sid=10788&wap=2,MG,MG MG ZS
iauto.ifeng.com/index.php?c=serial&a=index&sid=7999&wap=2,迈凯轮,迈凯轮 MP4-12C
iauto.ifeng.com/index.php?c=serial&a=index&sid=10263&wap=2,迈凯轮,迈凯轮 650S
iauto.ifeng.com/index.php?c=serial&a=index&sid=10507&wap=2,迈凯轮,迈凯轮 540C
iauto.ifeng.com/index.php?c=serial&a=index&sid=9801&wap=2,摩根,摩根 Aero
iauto.ifeng.com/index.php?c=serial&a=index&sid=10336&wap=2,摩根,摩根 Plus 8
iauto.ifeng.com/index.php?c=serial&a=index&sid=8077&wap=2,纳智捷,纳智捷 大7 SUV
iauto.ifeng.com/index.php?c=serial&a=index&sid=9813&wap=2,纳智捷,纳智捷 纳5
iauto.ifeng.com/index.php?c=serial&a=index&sid=9452&wap=2,纳智捷,纳智捷 MASTER CEO
iauto.ifeng.com/index.php?c=serial&a=index&sid=10093&wap=2,纳智捷,纳智捷 大7 MPV
iauto.ifeng.com/index.php?c=serial&a=index&sid=10237&wap=2,纳智捷,纳智捷 优6 SUV
iauto.ifeng.com/index.php?c=serial&a=index&sid=10621&wap=2,纳智捷,纳智捷 锐3
iauto.ifeng.com/index.php?c=serial&a=index&sid=10404&wap=2,南京金龙,南京金龙 D11
iauto.ifeng.com/index.php?c=serial&a=index&sid=2581&wap=2,欧宝,欧宝 安德拉
iauto.ifeng.com/index.php?c=serial&a=index&sid=10076&wap=2,欧宝,欧宝 英速亚
iauto.ifeng.com/index.php?c=serial&a=index&sid=2177&wap=2,欧宝,欧宝 雅特
iauto.ifeng.com/index.php?c=serial&a=index&sid=10145&wap=2,欧宝,欧宝 麦瑞纳
iauto.ifeng.com/index.php?c=serial&a=index&sid=2179&wap=2,欧宝,欧宝 赛飞利
iauto.ifeng.com/index.php?c=serial&a=index&sid=7326&wap=2,讴歌,讴歌 RDX
iauto.ifeng.com/index.php?c=serial&a=index&sid=2358&wap=2,讴歌,讴歌 MDX
iauto.ifeng.com/index.php?c=serial&a=index&sid=9627&wap=2,讴歌,讴歌 ILX
iauto.ifeng.com/index.php?c=serial&a=index&sid=2953&wap=2,讴歌,讴歌 ZDX
iauto.ifeng.com/index.php?c=serial&a=index&sid=9695&wap=2,讴歌,讴歌 RLX
iauto.ifeng.com/index.php?c=serial&a=index&sid=10288&wap=2,讴歌,讴歌 TLX
iauto.ifeng.com/index.php?c=serial&a=index&sid=10694&wap=2,讴歌,讴歌 CDX
iauto.ifeng.com/index.php?c=serial&a=index&sid=10560&wap=2,欧睿,欧睿 商务车
iauto.ifeng.com/index.php?c=serial&a=index&sid=10561&wap=2,欧睿,欧睿 电动多功能商务车
iauto.ifeng.com/index.php?c=serial&a=index&sid=1785&wap=2,奇瑞,奇瑞 QQ
iauto.ifeng.com/index.php?c=serial&a=index&sid=1667&wap=2,奇瑞,奇瑞 瑞虎3
iauto.ifeng.com/index.php?c=serial&a=index&sid=10040&wap=2,奇瑞,奇瑞 艾瑞泽7
iauto.ifeng.com/index.php?c=serial&a=index&sid=10181&wap=2,奇瑞,奇瑞 瑞虎5
iauto.ifeng.com/index.php?c=serial&a=index&sid=2369&wap=2,奇瑞,奇瑞 A3
iauto.ifeng.com/index.php?c=serial&a=index&sid=3014&wap=2,奇瑞,奇瑞 风云2
iauto.ifeng.com/index.php?c=serial&a=index&sid=10126&wap=2,奇瑞,奇瑞 E3
iauto.ifeng.com/index.php?c=serial&a=index&sid=9375&wap=2,奇瑞,奇瑞 E5
iauto.ifeng.com/index.php?c=serial&a=index&sid=1784&wap=2,奇瑞,奇瑞 旗云2
iauto.ifeng.com/index.php?c=serial&a=index&sid=1787&wap=2,奇瑞,奇瑞 旗云3
iauto.ifeng.com/index.php?c=serial&a=index&sid=9407&wap=2,奇瑞,奇瑞 旗云5
iauto.ifeng.com/index.php?c=serial&a=index&sid=7465&wap=2,奇瑞,奇瑞 旗云1
iauto.ifeng.com/index.php?c=serial&a=index&sid=10120&wap=2,奇瑞,奇瑞 艾瑞泽3
iauto.ifeng.com/index.php?c=serial&a=index&sid=10482&wap=2,奇瑞,奇瑞 艾瑞泽M7
iauto.ifeng.com/index.php?c=serial&a=index&sid=10598&wap=2,奇瑞,奇瑞 艾瑞泽5
iauto.ifeng.com/index.php?c=serial&a=index&sid=10689&wap=2,奇瑞,奇瑞 瑞虎7
iauto.ifeng.com/index.php?c=serial&a=index&sid=10696&wap=2,奇瑞,奇瑞 瑞虎3x
iauto.ifeng.com/index.php?c=serial&a=index&sid=10445&wap=2,奇瑞,奇瑞 eQ
iauto.ifeng.com/index.php?c=serial&a=index&sid=9450&wap=2,起亚,起亚 K2
iauto.ifeng.com/index.php?c=serial&a=index&sid=7101&wap=2,起亚,起亚 智跑
iauto.ifeng.com/index.php?c=serial&a=index&sid=1678&wap=2,起亚,起亚 狮跑
iauto.ifeng.com/index.php?c=serial&a=index&sid=1682&wap=2,起亚,起亚 K5
iauto.ifeng.com/index.php?c=serial&a=index&sid=9788&wap=2,起亚,起亚 K3
iauto.ifeng.com/index.php?c=serial&a=index&sid=1722&wap=2,起亚,起亚 索兰托
iauto.ifeng.com/index.php?c=serial&a=index&sid=2754&wap=2,起亚,起亚 福瑞迪
iauto.ifeng.com/index.php?c=serial&a=index&sid=2185&wap=2,起亚,起亚 佳乐
iauto.ifeng.com/index.php?c=serial&a=index&sid=1683&wap=2,起亚,起亚 赛拉图
iauto.ifeng.com/index.php?c=serial&a=index&sid=2414&wap=2,起亚,起亚 霸锐
iauto.ifeng.com/index.php?c=serial&a=index&sid=2981&wap=2,起亚,起亚 秀尔
iauto.ifeng.com/index.php?c=serial&a=index&sid=7328&wap=2,起亚,起亚 凯尊
iauto.ifeng.com/index.php?c=serial&a=index&sid=3036&wap=2,起亚,起亚 速迈
iauto.ifeng.com/index.php?c=serial&a=index&sid=8093&wap=2,起亚,起亚 赛拉图欧风
iauto.ifeng.com/index.php?c=serial&a=index&sid=9758&wap=2,起亚,起亚 Grand VQ-R
iauto.ifeng.com/index.php?c=serial&a=index&sid=10146&wap=2,起亚,起亚 K5（进口）
iauto.ifeng.com/index.php?c=serial&a=index&sid=9527&wap=2,起亚,起亚 K9
iauto.ifeng.com/index.php?c=serial&a=index&sid=10277&wap=2,起亚,起亚 K3S
iauto.ifeng.com/index.php?c=serial&a=index&sid=10334&wap=2,起亚,起亚 K4
iauto.ifeng.com/index.php?c=serial&a=index&sid=10430&wap=2,起亚,起亚 KX3
iauto.ifeng.com/index.php?c=serial&a=index&sid=10612&wap=2,起亚,起亚 KX5
iauto.ifeng.com/index.php?c=serial&a=index&sid=10828&wap=2,起亚,起亚 KX7
iauto.ifeng.com/index.php?c=serial&a=index&sid=10551&wap=2,起亚,起亚 嘉华
iauto.ifeng.com/index.php?c=serial&a=index&sid=10816&wap=2,起亚,起亚 极睿
iauto.ifeng.com/index.php?c=serial&a=index&sid=10791&wap=2,荣威,荣威 i6
iauto.ifeng.com/index.php?c=serial&a=index&sid=10796&wap=2,荣威,荣威 ei6
iauto.ifeng.com/index.php?c=serial&a=index&sid=2190&wap=2,日产,日产 逍客
iauto.ifeng.com/index.php?c=serial&a=index&sid=1699&wap=2,日产,日产 轩逸
iauto.ifeng.com/index.php?c=serial&a=index&sid=6815&wap=2,日产,日产 天籁
iauto.ifeng.com/index.php?c=serial&a=index&sid=1679&wap=2,日产,日产 骊威
iauto.ifeng.com/index.php?c=serial&a=index&sid=1698&wap=2,日产,日产 骐达
iauto.ifeng.com/index.php?c=serial&a=index&sid=2583&wap=2,日产,日产 奇骏
iauto.ifeng.com/index.php?c=serial&a=index&sid=1695&wap=2,日产,日产 阳光
iauto.ifeng.com/index.php?c=serial&a=index&sid=1929&wap=2,日产,日产 楼兰
iauto.ifeng.com/index.php?c=serial&a=index&sid=7329&wap=2,日产,日产 NV200
iauto.ifeng.com/index.php?c=serial&a=index&sid=7165&wap=2,日产,日产 玛驰
iauto.ifeng.com/index.php?c=serial&a=index&sid=2158&wap=2,日产,日产 贵士
iauto.ifeng.com/index.php?c=serial&a=index&sid=1922&wap=2,日产,日产 帕拉丁
iauto.ifeng.com/index.php?c=serial&a=index&sid=2154&wap=2,日产,日产 途乐
iauto.ifeng.com/index.php?c=serial&a=index&sid=2578&wap=2,日产,日产 GT-R
iauto.ifeng.com/index.php?c=serial&a=index&sid=1846&wap=2,日产,日产 碧莲
iauto.ifeng.com/index.php?c=serial&a=index&sid=10103&wap=2,日产,日产 D22
iauto.ifeng.com/index.php?c=serial&a=index&sid=2954&wap=2,日产,日产 370Z
iauto.ifeng.com/index.php?c=serial&a=index&sid=1694&wap=2,日产,日产 蓝鸟
iauto.ifeng.com/index.php?c=serial&a=index&sid=10635&wap=2,日产,日产 西玛
iauto.ifeng.com/index.php?c=serial&a=index&sid=1856&wap=2,双环,双环 SCEO
iauto.ifeng.com/index.php?c=serial&a=index&sid=2081&wap=2,smart,smart fortwo
iauto.ifeng.com/index.php?c=serial&a=index&sid=2921&wap=2,smart,smart forfour
iauto.ifeng.com/index.php?c=serial&a=index&sid=2167&wap=2,斯巴鲁,斯巴鲁 森林人
iauto.ifeng.com/index.php?c=serial&a=index&sid=2168&wap=2,斯巴鲁,斯巴鲁 傲虎
iauto.ifeng.com/index.php?c=serial&a=index&sid=9397&wap=2,斯巴鲁,斯巴鲁 XV
iauto.ifeng.com/index.php?c=serial&a=index&sid=2169&wap=2,斯巴鲁,斯巴鲁 力狮
iauto.ifeng.com/index.php?c=serial&a=index&sid=6524&wap=2,斯巴鲁,斯巴鲁 翼豹
iauto.ifeng.com/index.php?c=serial&a=index&sid=9519&wap=2,斯巴鲁,斯巴鲁 BRZ
iauto.ifeng.com/index.php?c=serial&a=index&sid=1811&wap=2,斯柯达,斯柯达 明锐
iauto.ifeng.com/index.php?c=serial&a=index&sid=10134&wap=2,斯柯达,斯柯达 Yeti
iauto.ifeng.com/index.php?c=serial&a=index&sid=9534&wap=2,斯柯达,斯柯达 昕锐
iauto.ifeng.com/index.php?c=serial&a=index&sid=2611&wap=2,斯柯达,斯柯达 晶锐
iauto.ifeng.com/index.php?c=serial&a=index&sid=10122&wap=2,斯柯达,斯柯达 速派
iauto.ifeng.com/index.php?c=serial&a=index&sid=7466&wap=2,斯柯达,斯柯达 Yeti
iauto.ifeng.com/index.php?c=serial&a=index&sid=10211&wap=2,斯柯达,斯柯达 昕动
iauto.ifeng.com/index.php?c=serial&a=index&sid=10253&wap=2,斯柯达,斯柯达 速尊
iauto.ifeng.com/index.php?c=serial&a=index&sid=10779&wap=2,斯柯达,斯柯达 柯迪亚克
iauto.ifeng.com/index.php?c=serial&a=index&sid=10525&wap=2,斯柯达,斯柯达 明锐（进口）
iauto.ifeng.com/index.php?c=serial&a=index&sid=9854&wap=2,三菱,三菱 ASX劲炫
iauto.ifeng.com/index.php?c=serial&a=index&sid=2082&wap=2,三菱,三菱 帕杰罗（进口）
iauto.ifeng.com/index.php?c=serial&a=index&sid=2015&wap=2,三菱,三菱 欧蓝德（进口）
iauto.ifeng.com/index.php?c=serial&a=index&sid=10138&wap=2,三菱,三菱 帕杰罗·劲畅
iauto.ifeng.com/index.php?c=serial&a=index&sid=3023&wap=2,三菱,三菱 翼神
iauto.ifeng.com/index.php?c=serial&a=index&sid=1689&wap=2,三菱,三菱 蓝瑟
iauto.ifeng.com/index.php?c=serial&a=index&sid=1561&wap=2,三菱,三菱 帕杰罗·劲畅（进口）
iauto.ifeng.com/index.php?c=serial&a=index&sid=2597&wap=2,三菱,三菱 君阁
iauto.ifeng.com/index.php?c=serial&a=index&sid=1693&wap=2,三菱,三菱 戈蓝
iauto.ifeng.com/index.php?c=serial&a=index&sid=10132&wap=2,三菱,三菱 风迪思
iauto.ifeng.com/index.php?c=serial&a=index&sid=9471&wap=2,三菱,三菱 蓝瑟翼豪陆神
iauto.ifeng.com/index.php?c=serial&a=index&sid=10754&wap=2,三菱,三菱 欧蓝德
iauto.ifeng.com/index.php?c=serial&a=index&sid=8075&wap=2,双龙,双龙 柯兰多
iauto.ifeng.com/index.php?c=serial&a=index&sid=2018&wap=2,双龙,双龙 爱腾
iauto.ifeng.com/index.php?c=serial&a=index&sid=2019&wap=2,双龙,双龙 雷斯特W
iauto.ifeng.com/index.php?c=serial&a=index&sid=2165&wap=2,双龙,双龙 主席
iauto.ifeng.com/index.php?c=serial&a=index&sid=2020&wap=2,双龙,双龙 享御
iauto.ifeng.com/index.php?c=serial&a=index&sid=2017&wap=2,双龙,双龙 路帝
iauto.ifeng.com/index.php?c=serial&a=index&sid=10539&wap=2,双龙,双龙 蒂维拉
iauto.ifeng.com/index.php?c=serial&a=index&sid=10711&wap=2,双龙,双龙 途凌
iauto.ifeng.com/index.php?c=serial&a=index&sid=2847&wap=2,世爵,世爵 C8
iauto.ifeng.com/index.php?c=serial&a=index&sid=2961&wap=2,世爵,世爵 D12
iauto.ifeng.com/index.php?c=serial&a=index&sid=9642&wap=2,思铭,思铭 思铭
iauto.ifeng.com/index.php?c=serial&a=index&sid=10736&wap=2,斯威,斯威 X7
iauto.ifeng.com/index.php?c=serial&a=index&sid=10188&wap=2,特斯拉,特斯拉 MODEL S
iauto.ifeng.com/index.php?c=serial&a=index&sid=10625&wap=2,特斯拉,特斯拉 MODEL X
iauto.ifeng.com/index.php?c=serial&a=index&sid=9722&wap=2,腾势,腾势 腾势
iauto.ifeng.com/index.php?c=serial&a=index&sid=9619&wap=2,沃尔沃,沃尔沃 V40
iauto.ifeng.com/index.php?c=serial&a=index&sid=2804&wap=2,沃尔沃,沃尔沃 XC60（进口）
iauto.ifeng.com/index.php?c=serial&a=index&sid=2486&wap=2,沃尔沃,沃尔沃 S60
iauto.ifeng.com/index.php?c=serial&a=index&sid=2684&wap=2,沃尔沃,沃尔沃 S80L
iauto.ifeng.com/index.php?c=serial&a=index&sid=2145&wap=2,沃尔沃,沃尔沃 XC90
iauto.ifeng.com/index.php?c=serial&a=index&sid=8028&wap=2,沃尔沃,沃尔沃 V60
iauto.ifeng.com/index.php?c=serial&a=index&sid=10186&wap=2,沃尔沃,沃尔沃 S60L
iauto.ifeng.com/index.php?c=serial&a=index&sid=2254&wap=2,沃尔沃,沃尔沃 C70
iauto.ifeng.com/index.php?c=serial&a=index&sid=10606&wap=2,沃尔沃,沃尔沃 S90
iauto.ifeng.com/index.php?c=serial&a=index&sid=10357&wap=2,沃尔沃,沃尔沃 XC CLASSIC
iauto.ifeng.com/index.php?c=serial&a=index&sid=10388&wap=2,沃尔沃,沃尔沃 XC60
iauto.ifeng.com/index.php?c=serial&a=index&sid=10785&wap=2,沃尔沃,沃尔沃 S90
iauto.ifeng.com/index.php?c=serial&a=index&sid=7340&wap=2,五菱,五菱 五菱宏光
iauto.ifeng.com/index.php?c=serial&a=index&sid=7363&wap=2,五菱,五菱 五菱荣光
iauto.ifeng.com/index.php?c=serial&a=index&sid=9625&wap=2,五菱,五菱 五菱之光
iauto.ifeng.com/index.php?c=serial&a=index&sid=10405&wap=2,五菱,五菱 五菱征程
iauto.ifeng.com/index.php?c=serial&a=index&sid=10444&wap=2,五菱,五菱 五菱荣光V
iauto.ifeng.com/index.php?c=serial&a=index&sid=10803&wap=2,五菱,五菱 五菱之光V
iauto.ifeng.com/index.php?c=serial&a=index&sid=10330&wap=2,五十铃,五十铃 D-MAX
iauto.ifeng.com/index.php?c=serial&a=index&sid=10500&wap=2,五十铃,五十铃 mu-X
iauto.ifeng.com/index.php?c=serial&a=index&sid=10594&wap=2,五十铃,五十铃 瑞迈
iauto.ifeng.com/index.php?c=serial&a=index&sid=10841&wap=2,魏派,魏派 VV7
iauto.ifeng.com/index.php?c=serial&a=index&sid=6816&wap=2,雪铁龙,雪铁龙 爱丽舍
iauto.ifeng.com/index.php?c=serial&a=index&sid=2027&wap=2,雪铁龙,雪铁龙 C5
iauto.ifeng.com/index.php?c=serial&a=index&sid=6818&wap=2,雪铁龙,雪铁龙 经典世嘉
iauto.ifeng.com/index.php?c=serial&a=index&sid=9840&wap=2,雪铁龙,雪铁龙 C4L
iauto.ifeng.com/index.php?c=serial&a=index&sid=9683&wap=2,雪铁龙,雪铁龙 C4 Aircross
iauto.ifeng.com/index.php?c=serial&a=index&sid=2617&wap=2,雪铁龙,雪铁龙 C4 PICASSO
iauto.ifeng.com/index.php?c=serial&a=index&sid=10294&wap=2,雪铁龙,雪铁龙 C3-XR
iauto.ifeng.com/index.php?c=serial&a=index&sid=10568&wap=2,雪铁龙,雪铁龙 C4世嘉
iauto.ifeng.com/index.php?c=serial&a=index&sid=10712&wap=2,雪铁龙,雪铁龙 C6
iauto.ifeng.com/index.php?c=serial&a=index&sid=2334&wap=2,现代,现代 悦动
iauto.ifeng.com/index.php?c=serial&a=index&sid=3032&wap=2,现代,现代 ix35
iauto.ifeng.com/index.php?c=serial&a=index&sid=7378&wap=2,现代,现代 瑞纳
iauto.ifeng.com/index.php?c=serial&a=index&sid=9698&wap=2,现代,现代 朗动
iauto.ifeng.com/index.php?c=serial&a=index&sid=1568&wap=2,现代,现代 索纳塔
iauto.ifeng.com/index.php?c=serial&a=index&sid=1574&wap=2,现代,现代 全新途胜
iauto.ifeng.com/index.php?c=serial&a=index&sid=1569&wap=2,现代,现代 伊兰特
iauto.ifeng.com/index.php?c=serial&a=index&sid=10071&wap=2,现代,现代 名图
iauto.ifeng.com/index.php?c=serial&a=index&sid=9848&wap=2,现代,现代 全新胜达
iauto.ifeng.com/index.php?c=serial&a=index&sid=2187&wap=2,现代,现代 雅科仕
iauto.ifeng.com/index.php?c=serial&a=index&sid=10113&wap=2,现代,现代 格越
iauto.ifeng.com/index.php?c=serial&a=index&sid=8169&wap=2,现代,现代 劳恩斯
iauto.ifeng.com/index.php?c=serial&a=index&sid=8152&wap=2,现代,现代 飞思
iauto.ifeng.com/index.php?c=serial&a=index&sid=2603&wap=2,现代,现代 劳恩斯-酷派
iauto.ifeng.com/index.php?c=serial&a=index&sid=2009&wap=2,现代,现代 雅尊
iauto.ifeng.com/index.php?c=serial&a=index&sid=7424&wap=2,现代,现代 辉翼
iauto.ifeng.com/index.php?c=serial&a=index&sid=10267&wap=2,现代,现代 索纳塔（进口）
iauto.ifeng.com/index.php?c=serial&a=index&sid=10275&wap=2,现代,现代 瑞奕
iauto.ifeng.com/index.php?c=serial&a=index&sid=10301&wap=2,现代,现代 ix25
iauto.ifeng.com/index.php?c=serial&a=index&sid=10630&wap=2,现代,现代 领动
iauto.ifeng.com/index.php?c=serial&a=index&sid=10698&wap=2,现代,现代 悦纳
iauto.ifeng.com/index.php?c=serial&a=index&sid=10820&wap=2,现代,现代 悦纳RV
iauto.ifeng.com/index.php?c=serial&a=index&sid=10300&wap=2,现代,现代 Genesis G80
iauto.ifeng.com/index.php?c=serial&a=index&sid=2608&wap=2,雪佛兰,雪佛兰 科鲁兹
iauto.ifeng.com/index.php?c=serial&a=index&sid=6453&wap=2,雪佛兰,雪佛兰 赛欧
iauto.ifeng.com/index.php?c=serial&a=index&sid=8130&wap=2,雪佛兰,雪佛兰 迈锐宝
iauto.ifeng.com/index.php?c=serial&a=index&sid=9622&wap=2,雪佛兰,雪佛兰 科帕奇
iauto.ifeng.com/index.php?c=serial&a=index&sid=1835&wap=2,雪佛兰,雪佛兰 景程
iauto.ifeng.com/index.php?c=serial&a=index&sid=7105&wap=2,雪佛兰,雪佛兰 爱唯欧
iauto.ifeng.com/index.php?c=serial&a=index&sid=2893&wap=2,雪佛兰,雪佛兰 科迈罗
iauto.ifeng.com/index.php?c=serial&a=index&sid=2894&wap=2,雪佛兰,雪佛兰 沃蓝达
iauto.ifeng.com/index.php?c=serial&a=index&sid=10231&wap=2,雪佛兰,雪佛兰 创酷
iauto.ifeng.com/index.php?c=serial&a=index&sid=10591&wap=2,雪佛兰,雪佛兰 乐风RV
iauto.ifeng.com/index.php?c=serial&a=index&sid=10631&wap=2,雪佛兰,雪佛兰 迈锐宝XL
iauto.ifeng.com/index.php?c=serial&a=index&sid=10756&wap=2,雪佛兰,雪佛兰 科沃兹
iauto.ifeng.com/index.php?c=serial&a=index&sid=10794&wap=2,雪佛兰,雪佛兰 探界者
iauto.ifeng.com/index.php?c=serial&a=index&sid=10797&wap=2,雪佛兰,雪佛兰 库罗德
iauto.ifeng.com/index.php?c=serial&a=index&sid=2970&wap=2,西雅特,西雅特 伊比飒
iauto.ifeng.com/index.php?c=serial&a=index&sid=2971&wap=2,西雅特,西雅特 LEON
iauto.ifeng.com/index.php?c=serial&a=index&sid=10104&wap=2,西雅特,西雅特 欧悦搏
iauto.ifeng.com/index.php?c=serial&a=index&sid=1880&wap=2,一汽,一汽 夏利N3
iauto.ifeng.com/index.php?c=serial&a=index&sid=10005&wap=2,一汽,一汽 夏利N7
iauto.ifeng.com/index.php?c=serial&a=index&sid=7400&wap=2,一汽,一汽 森雅S80
iauto.ifeng.com/index.php?c=serial&a=index&sid=1916&wap=2,一汽,一汽 森雅M80
iauto.ifeng.com/index.php?c=serial&a=index&sid=9418&wap=2,一汽,一汽 夏利N5
iauto.ifeng.com/index.php?c=serial&a=index&sid=1887&wap=2,一汽,一汽 威志
iauto.ifeng.com/index.php?c=serial&a=index&sid=1883&wap=2,一汽,一汽 威志V2
iauto.ifeng.com/index.php?c=serial&a=index&sid=9760&wap=2,一汽,一汽 威志V5
iauto.ifeng.com/index.php?c=serial&a=index&sid=10196&wap=2,一汽,一汽 佳宝V80
iauto.ifeng.com/index.php?c=serial&a=index&sid=10221&wap=2,一汽,一汽 佳宝V52
iauto.ifeng.com/index.php?c=serial&a=index&sid=10317&wap=2,一汽,一汽 骏派D60
iauto.ifeng.com/index.php?c=serial&a=index&sid=10699&wap=2,一汽,一汽 骏派A70
iauto.ifeng.com/index.php?c=serial&a=index&sid=10491&wap=2,一汽,一汽 佳宝V75
iauto.ifeng.com/index.php?c=serial&a=index&sid=10492&wap=2,一汽,一汽 佳宝V77
iauto.ifeng.com/index.php?c=serial&a=index&sid=10680&wap=2,一汽,一汽 森雅R7
iauto.ifeng.com/index.php?c=serial&a=index&sid=2827&wap=2,永源,永源 A380
iauto.ifeng.com/index.php?c=serial&a=index&sid=10099&wap=2,永源,永源 猎鹰
iauto.ifeng.com/index.php?c=serial&a=index&sid=9768&wap=2,永源,永源 五星
iauto.ifeng.com/index.php?c=serial&a=index&sid=10153&wap=2,英菲尼迪,英菲尼迪 QX50
iauto.ifeng.com/index.php?c=serial&a=index&sid=10155&wap=2,英菲尼迪,英菲尼迪 QX70
iauto.ifeng.com/index.php?c=serial&a=index&sid=10156&wap=2,英菲尼迪,英菲尼迪 QX80
iauto.ifeng.com/index.php?c=serial&a=index&sid=10012&wap=2,英菲尼迪,英菲尼迪 Q50
iauto.ifeng.com/index.php?c=serial&a=index&sid=10152&wap=2,英菲尼迪,英菲尼迪 Q70L
iauto.ifeng.com/index.php?c=serial&a=index&sid=10151&wap=2,英菲尼迪,英菲尼迪 Q60
iauto.ifeng.com/index.php?c=serial&a=index&sid=10154&wap=2,英菲尼迪,英菲尼迪 QX60
iauto.ifeng.com/index.php?c=serial&a=index&sid=10351&wap=2,英菲尼迪,英菲尼迪 ESQ
iauto.ifeng.com/index.php?c=serial&a=index&sid=10454&wap=2,英菲尼迪,英菲尼迪 QX30
iauto.ifeng.com/index.php?c=serial&a=index&sid=10337&wap=2,英菲尼迪,英菲尼迪 Q50L
iauto.ifeng.com/index.php?c=serial&a=index&sid=10455&wap=2,英菲尼迪,英菲尼迪 QX50
iauto.ifeng.com/index.php?c=serial&a=index&sid=10448&wap=2,野马,野马 T70
iauto.ifeng.com/index.php?c=serial&a=index&sid=10215&wap=2,依维柯,依维柯 Power Daily
iauto.ifeng.com/index.php?c=serial&a=index&sid=10216&wap=2,依维柯,依维柯 Turbo Daily
iauto.ifeng.com/index.php?c=serial&a=index&sid=10309&wap=2,英致,英致 G3
iauto.ifeng.com/index.php?c=serial&a=index&sid=10563&wap=2,英致,英致 737
iauto.ifeng.com/index.php?c=serial&a=index&sid=10604&wap=2,英致,英致 727
iauto.ifeng.com/index.php?c=serial&a=index&sid=10713&wap=2,英致,英致 G5
iauto.ifeng.com/index.php?c=serial&a=index&sid=9367&wap=2,中华,中华 V5
iauto.ifeng.com/index.php?c=serial&a=index&sid=8210&wap=2,中华,中华 H530
iauto.ifeng.com/index.php?c=serial&a=index&sid=1925&wap=2,中华,中华 骏捷FRV
iauto.ifeng.com/index.php?c=serial&a=index&sid=10042&wap=2,中华,中华 H330
iauto.ifeng.com/index.php?c=serial&a=index&sid=1740&wap=2,中华,中华 骏捷
iauto.ifeng.com/index.php?c=serial&a=index&sid=2604&wap=2,中华,中华 骏捷Wagon
iauto.ifeng.com/index.php?c=serial&a=index&sid=9716&wap=2,中华,中华 H230
iauto.ifeng.com/index.php?c=serial&a=index&sid=2942&wap=2,中华,中华 骏捷Cross
iauto.ifeng.com/index.php?c=serial&a=index&sid=2877&wap=2,中华,中华 骏捷FSV
iauto.ifeng.com/index.php?c=serial&a=index&sid=1733&wap=2,中华,中华 尊驰
iauto.ifeng.com/index.php?c=serial&a=index&sid=9802&wap=2,中华,中华 H320
iauto.ifeng.com/index.php?c=serial&a=index&sid=1736&wap=2,中华,中华 酷宝
iauto.ifeng.com/index.php?c=serial&a=index&sid=10131&wap=2,中华,中华 H220
iauto.ifeng.com/index.php?c=serial&a=index&sid=10358&wap=2,中华,中华 中华豚
iauto.ifeng.com/index.php?c=serial&a=index&sid=10496&wap=2,中华,中华 V3
iauto.ifeng.com/index.php?c=serial&a=index&sid=10821&wap=2,中华,中华 H230新能源
iauto.ifeng.com/index.php?c=serial&a=index&sid=1571&wap=2,中兴,中兴 无限V3
iauto.ifeng.com/index.php?c=serial&a=index&sid=1606&wap=2,中兴,中兴 旗舰A9
iauto.ifeng.com/index.php?c=serial&a=index&sid=10083&wap=2,中兴,中兴 C3
iauto.ifeng.com/index.php?c=serial&a=index&sid=8005&wap=2,中兴,中兴 无限V7
iauto.ifeng.com/index.php?c=serial&a=index&sid=1728&wap=2,中兴,中兴 威虎
iauto.ifeng.com/index.php?c=serial&a=index&sid=8004&wap=2,中兴,中兴 无限V5
iauto.ifeng.com/index.php?c=serial&a=index&sid=10443&wap=2,中兴,中兴 GX3
iauto.ifeng.com/index.php?c=serial&a=index&sid=10550&wap=2,中兴,中兴 小老虎
iauto.ifeng.com/index.php?c=serial&a=index&sid=10778&wap=2,中兴,中兴 领主
iauto.ifeng.com/index.php?c=serial&a=index&sid=10207&wap=2,众泰,众泰 T600
iauto.ifeng.com/index.php?c=serial&a=index&sid=9741&wap=2,众泰,众泰 Z300
iauto.ifeng.com/index.php?c=serial&a=index&sid=2577&wap=2,众泰,众泰 5008
iauto.ifeng.com/index.php?c=serial&a=index&sid=2624&wap=2,众泰,众泰 M300
iauto.ifeng.com/index.php?c=serial&a=index&sid=10056&wap=2,众泰,众泰 T200
iauto.ifeng.com/index.php?c=serial&a=index&sid=8161&wap=2,众泰,众泰 2008
iauto.ifeng.com/index.php?c=serial&a=index&sid=7435&wap=2,众泰,众泰 Z200
iauto.ifeng.com/index.php?c=serial&a=index&sid=10173&wap=2,众泰,众泰 Z100
iauto.ifeng.com/index.php?c=serial&a=index&sid=9518&wap=2,众泰,众泰 V10
iauto.ifeng.com/index.php?c=serial&a=index&sid=10296&wap=2,众泰,众泰 Z500
iauto.ifeng.com/index.php?c=serial&a=index&sid=10373&wap=2,众泰,众泰 云100
iauto.ifeng.com/index.php?c=serial&a=index&sid=10519&wap=2,众泰,众泰 芝麻
iauto.ifeng.com/index.php?c=serial&a=index&sid=10552&wap=2,众泰,众泰 大迈X5
iauto.ifeng.com/index.php?c=serial&a=index&sid=10576&wap=2,众泰,众泰 Z700
iauto.ifeng.com/index.php?c=serial&a=index&sid=10593&wap=2,众泰,众泰 SR7
iauto.ifeng.com/index.php?c=serial&a=index&sid=10663&wap=2,众泰,众泰 SR9
iauto.ifeng.com/index.php?c=serial&a=index&sid=10706&wap=2,众泰,众泰 E200
iauto.ifeng.com/index.php?c=serial&a=index&sid=10717&wap=2,众泰,众泰 大迈X7
iauto.ifeng.com/index.php?c=serial&a=index&sid=9687&wap=2,中欧房车,中欧房车 中欧奔驰房车
iauto.ifeng.com/index.php?c=serial&a=index&sid=10184&wap=2,中欧房车,中欧房车 中欧房车
iauto.ifeng.com/index.php?c=serial&a=index&sid=10311&wap=2,知豆,知豆 知豆
iauto.ifeng.com/index.php?c=serial&a=index&sid=10541&wap=2,知豆,知豆 知豆D2
