url,name
http://m.baidu.com/from=0/bd_page_type=1/ssid=0/uid=0/pu=usm%402%2Csz%40224_220%2Cta%40iphone____/baiduid=AFEA4F041C6C963AB03E4F918225FA46/w=0_10_/t=iphone/l=3/tc?ref=www_iphone&lid=8935137526745916618&order=3&fm=alop&tj=www_normal_3_0_10_title&vit=osres&m=8&srd=1&cltj=cloud_title&asres=1&title=%E9%85%8D%E8%B5%84%E7%82%92%E8%82%A1%E5%90%88%E6%B3%95%E5%90%97%3F%E9%85%8D%E8%B5%84%E6%9C%89%E9%AA%97%E5%B1%80%E5%90%97%3F_%E8%82%A1%E5%B8%82%E5%AE%9E%E6%88%98%28gssz%29..._%E8%82%A1%E5%90%A7&dict=30&w_qd=IlPT2AEptyoA_ykxvg1a8ei6GihPh9YorloYpOfV9h1sTfi&sec=20211&di=4660770bc29bd3c1&bdenc=1&nsrc=IlPT2AEptyoA_yixCFOxXnANedT62v3IIQ3TNGBV1ymaoE_tfemlItdnJ7HNLnqFEICb-7WRcdMYwkOe27Yl8xB0qKxqey6ylq,股票配资是否合法
http://m.baidu.com/from=0/bd_page_type=1/ssid=0/uid=0/pu=usm%402%2Csz%40224_220%2Cta%40iphone____/baiduid=AFEA4F041C6C963AB03E4F918225FA46/w=0_10_/t=iphone/l=3/tc?ref=www_iphone&lid=8935137526745916618&order=4&fm=alop&tj=www_normal_4_0_10_title&vit=osres&m=8&srd=1&cltj=cloud_title&asres=1&nt=wnor&title=%E8%AF%81%E7%9B%91%E4%BC%9A%E6%B8%85%E7%90%86%E8%BF%9D%E6%B3%95%E9%85%8D%E8%B5%84%E5%A4%9A%E5%AE%B6%E9%85%8D%E8%B5%84%E5%B9%B3%E5%8F%B0%E7%B4%A7%E6%80%A5%E5%8F%AB%E5%81%9C%E8%82%A1%E7%A5%A8%E9%85%8D%E8%B5%84-...&dict=20&w_qd=IlPT2AEptyoA_ykxvg1a8ei6GihPh9YorloYpOfV9h1sTfi&sec=20211&di=84b8617bf2b97991&bdenc=1&nsrc=IlPT2AEptyoA_yixCFOxXnANedT62v3IIBuPNCBX28TgzEqtxP4kHREsRD8qR7iSHEKwdoSYaQoDliWu0VAo7RF3u_9Ss7we87jb9fzrdhPsHxsKhgVpPweAWyowz3C,股票配资是否合法
"https://zhidao.baidu.com/index?word=%E8%82%A1%E7%A5%A8%E9%85%8D%E8%B5%84%E6%98%AF%E5%90%A6%E5%90%88%E6%B3%95&device=mobile&ssid=0&from=0&uid=0&pu=usm@2,sz@224_220,ta@iphone____&bd_page_type=1&baiduid=AFEA4F041C6C963AB03E4F918225FA46&tj=zhidao_2_0_10_1",股票配资是否合法
http://m.hexun.com/stock/2015-07-10/177442006.html,股票配资是否合法
http://jingyan.baidu.com/article/624e7459b06bf234e8ba5af3.html,股票配资是否合法
http://www.csai.cn/p2pzixun/812917.html?_da0.04512189421802759,股票配资是否合法
http://www.91zcp.com/article-1489/,股票配资是否合法
"https://zhidao.baidu.com/question/1690991776453357108.html?device=mobile&ssid=0&from=0&uid=0&pu=usm@2,sz@224_220,ta@iphone____&bd_page_type=1&baiduid=AFEA4F041C6C963AB03E4F918225FA46&tj=www_zhidao_normal_9_0_10_l1",股票配资是否合法
http://m.110.com/question/1417378.html,股票配资是否合法
"https://zhidao.baidu.com/question/1963174003414476340.html?device=mobile&ssid=0&from=0&uid=0&pu=usm@2,sz@224_220,ta@iphone____&bd_page_type=1&baiduid=AFEA4F041C6C963AB03E4F918225FA46&tj=www_zhidao_normal_8_10_10_l1",股票配资是否合法
https://m.baidu.com/zhuanjia/question,股票配资是否合法
"https://zhidao.baidu.com/question/1386578007382804540.html?device=mobile&ssid=0&from=0&uid=0&pu=usm@2,sz@224_220,ta@iphone____&bd_page_type=1&baiduid=AFEA4F041C6C963AB03E4F918225FA46&tj=www_zhidao_normal_5_10_10_l1",股票配资是否合法
"https://zhidao.baidu.com/question/1800222821176066787.html?device=mobile&ssid=0&from=0&uid=0&pu=usm@2,sz@224_220,ta@iphone____&bd_page_type=1&baiduid=AFEA4F041C6C963AB03E4F918225FA46&tj=www_zhidao_normal_2_10_10_l1",股票配资是否合法
"https://wapwenku.baidu.com/view/c057c5040975f46526d3e1ae.html?ssid=0&from=0&uid=0&pu=usm@2,sz@224_220,ta@iphone____&bd_page_type=1&baiduid=AFEA4F041C6C963AB03E4F918225FA46&tj=www_normal_9_10_10_title",股票配资是否合法
http://m.baidu.com/from=0/bd_page_type=1/ssid=0/uid=0/pu=usm%401%2Csz%40224_220%2Cta%40iphone____/baiduid=AFEA4F041C6C963AB03E4F918225FA46/w=0_10_/t=iphone/l=3/tc?ref=www_iphone&lid=9449193082904930328&order=8&fm=alrt_2&srd=1&dict=32&otn=1&tj=realtime_8_0_10_l3&asres=1&w_qd=IlPT2AEptyoA_ykxvg1a8ei6GihPh9YmzTMZfAXVyfAtQua&sec=20211&di=35da7a3b5b86db1e&bdenc=1&nsrc=IlPT2AEptyoA_yixCFOxXnANedT62v3IFwzPNiZR0Df5nk_qxP4lZQRAUzbmNTrIBZOddTXDsRkQwHGu0VAn7BV3q_dqey6ylq,股票配资什么利率
http://m.baidu.com/from=0/bd_page_type=1/ssid=0/uid=0/pu=usm%401%2Csz%40224_220%2Cta%40iphone____/baiduid=AFEA4F041C6C963AB03E4F918225FA46/w=0_10_/t=iphone/l=3/tc?ref=www_iphone&lid=9449193082904930328&order=8&fm=alrt_2&srd=1&dict=32&otn=1&tj=realtime_8_0_10_l2&asres=1&w_qd=IlPT2AEptyoA_ykxvg1a8ei6GihPh9YmzTMZfAXVyfAtQua&sec=20211&di=c357238116a57564&bdenc=1&nsrc=IlPT2AEptyoA_yixCFOxXnANedT62v3IEQGG_yZF1y_8nI39h47aUbBuUTv-2Sm5JUnaviPQpthNtXLR0WYn8gV2mqxkxmdN8nvfcv8whAfWWMdF,股票配资什么利率
http://jingyan.baidu.com/article/e6c8503c500998e54f1a180c.html,股票配资什么利率
https://m.baidu.com/s?word=%E8%82%A1%E5%90%A7&sa=re_dl_er_30420_3&prese=lid@9449193082904930328&euri=887a67987f13430789ee9508ba4c9133&rqid=9449193082904930328&oq=%E8%82%A1%E7%A5%A8%E9%85%8D%E8%B5%84%E4%BB%80%E4%B9%88%E5%88%A9%E7%8E%87,股票配资什么利率
"https://wapwenku.baidu.com/view/1d21e03ab14e852459fb57e7.html?ssid=0&from=0&uid=0&pu=usm@2,sz@224_220,ta@iphone____&bd_page_type=1&baiduid=AFEA4F041C6C963AB03E4F918225FA46&tj=www_normal_10_0_10_title",股票配资是否合法
https://m.baidu.com/s?word=%E9%85%8D%E8%B5%84%E5%90%A7&sa=re_dl_er_30420_1&prese=lid@9449193082904930328&euri=35d9fae4b5ca493a8742bbd0e1897b58&rqid=9449193082904930328&oq=%E8%82%A1%E7%A5%A8%E9%85%8D%E8%B5%84%E4%BB%80%E4%B9%88%E5%88%A9%E7%8E%87,股票配资什么利率
http://m.baidu.com/from=0/bd_page_type=1/ssid=0/uid=0/pu=usm%401%2Csz%40224_220%2Cta%40iphone____/baiduid=AFEA4F041C6C963AB03E4F918225FA46/w=0_10_/t=iphone/l=3/tc?ref=www_iphone&lid=9449193082904930328&order=8&fm=alrt_2&srd=1&dict=32&otn=1&tj=realtime_8_0_10_l1&asres=1&w_qd=IlPT2AEptyoA_ykxvg1a8ei6GihPh9YmzTMZfAXVyfAtQua&sec=20211&di=32853a652ab84d49&bdenc=1&nsrc=IlPT2AEptyoA_yixCFOxXnANedT62v3IEQGG_ztR0DWam939h47aUbBBQHKhVpWTFFKwdoSbftlYgjTdRiNzzBAxrqxptHYf87Ddcunq6N8zM_Bgu09UEcfgYk55rA75l3t8uK,股票配资什么利率
http://m.baidu.com/from=0/bd_page_type=1/ssid=0/uid=0/pu=usm%401%2Csz%40224_220%2Cta%40iphone____/baiduid=AFEA4F041C6C963AB03E4F918225FA46/w=0_10_/t=iphone/l=3/tc?ref=www_iphone&lid=9449193082904930328&order=6&fm=alop&tj=www_normal_6_0_10_title&vit=osres&m=8&srd=1&cltj=cloud_title&asres=1&title=2017%E5%B9%B4%E8%82%A1%E7%A5%A8%E9%85%8D%E8%B5%84%E5%88%A9%E6%81%AF%E4%B8%80%E8%88%AC%E6%98%AF%E5%A4%9A%E5%B0%91_%E5%8D%97%E9%A3%8E%E9%87%91%E8%9E%8D%E7%BD%91&dict=32&w_qd=IlPT2AEptyoA_ykxvg1a8ei6GihPh9YmzTMZfAXVyfAtQua&sec=20211&di=3afa782efd3124f0&bdenc=1&nsrc=IlPT2AEptyoA_yixCFOxXnANedT62v3IEQGG_yBS_zSc95qshbWxBd-uXzuqAp7VFlX5xW80sqdWhTTyPjdoj1YSf4J6sVsh78zed48thACAKxMOeAJjQhz_XC5o,股票配资什么利率
http://m.baidu.com/from=0/bd_page_type=1/ssid=0/uid=0/pu=usm%401%2Csz%40224_220%2Cta%40iphone____/baiduid=AFEA4F041C6C963AB03E4F918225FA46/w=10_10_/t=iphone/l=3/tc?ref=www_iphone&lid=9160303038528104876&order=8&fm=alop&tj=www_normal_8_10_10_title&vit=osres&m=8&srd=1&cltj=cloud_title&asres=1&title=%E8%82%A1%E7%A5%A8%E9%85%8D%E8%B5%84%E4%B8%80%E8%88%AC%E5%88%A9%E6%81%AF%E6%98%AF%E5%A4%9A%E5%B0%91%E5%95%8A_%E8%82%A1%E5%B8%82%E9%97%AE%E7%AD%94_%E4%BA%91%E8%B4%A2%E7%BB%8F%E8%82%A1%E5%B8%82%E6%83%85%E6%8A%A5%E7%BD%91&dict=21&w_qd=IlPT2AEptyoA_ykxvg1a8ei6GihPh9YmzTMZfAXVyfAtQua&sec=20211&di=ebb4a64a713430d4&bdenc=1&nsrc=IlPT2AEptyoA_yixCFOxXnANedT62v3IDw3PQzsK1TWz7JuVb4XlJ2UfEFXeBCr3Uof6sGuC,股票配资什么利率
"https://zhidao.baidu.com/question/1115313479274445379.html?device=mobile&ssid=0&from=0&uid=0&pu=usm@1,sz@224_220,ta@iphone____&bd_page_type=1&baiduid=AFEA4F041C6C963AB03E4F918225FA46&tj=www_zhidao_normal_9_0_10_l1",股票配资什么利率
https://m.baidu.com/sf?word=%E8%82%A1%E7%A5%A8%E9%85%8D%E8%B5%84%E4%BB%80%E4%B9%88%E5%88%A9%E7%8E%87&pd=realtime_content&title=%E7%84%A6%E7%82%B9%E8%B5%84%E8%AE%AF&top=%7B%22sfhs%22:4%7D&lid=9449193082904930328&ms=1&frsrcid=19&frorder=8,股票配资什么利率
http://jingyan.baidu.com/article/c910274b87134acd361d2d0a.html,股票配资什么利率
http://m.sohu.com/n/480106309/,股票配资什么利率
https://m.baidu.com/s?word=%E9%87%91%E6%96%A7%E5%AD%90&sa=re_dl_er_30420_2&prese=lid@9449193082904930328&euri=002a9476c44a463c81ce241bb1386ada&rqid=9449193082904930328&oq=%E8%82%A1%E7%A5%A8%E9%85%8D%E8%B5%84%E4%BB%80%E4%B9%88%E5%88%A9%E7%8E%87,股票配资什么利率
http://www.91zcp.com/article-1116/,股票配资什么利率
"https://zhidao.baidu.com/question/987062090394102339.html?device=mobile&ssid=0&from=0&uid=0&pu=usm@1,sz@224_220,ta@iphone____&bd_page_type=1&baiduid=AFEA4F041C6C963AB03E4F918225FA46&tj=www_zhidao_normal_6_10_10_l1",股票配资什么利率
"https://zhidao.baidu.com/question/628533298050299764.html?device=mobile&ssid=0&from=0&uid=0&pu=usm@1,sz@224_220,ta@iphone____&bd_page_type=1&baiduid=AFEA4F041C6C963AB03E4F918225FA46&tj=www_zhidao_normal_5_10_10_l1",股票配资什么利率
"https://zhidao.baidu.com/question/923249525950392779.html?device=mobile&ssid=0&from=0&uid=0&pu=usm@1,sz@224_220,ta@iphone____&bd_page_type=1&baiduid=AFEA4F041C6C963AB03E4F918225FA46&tj=www_zhidao_normal_4_10_10_l1",股票配资什么利率
"https://zhidao.baidu.com/question/1371379948555601779.html?device=mobile&ssid=0&from=0&uid=0&pu=usm@1,sz@224_220,ta@iphone____&bd_page_type=1&baiduid=AFEA4F041C6C963AB03E4F918225FA46&tj=www_zhidao_normal_3_10_10_l1",股票配资什么利率
http://www.csai.cn/p2pzixun/812912.html?_da0.23425902928768666,股票配资什么利率
http://m.csai.cn/gupiao/758833.html?_t_t_t=0.6710249572061002,股票配资什么利率
"https://wapwenku.baidu.com/view/7b6695eff9c75fbfc77da26925c52cc58bd6902d.html?ssid=0&from=0&uid=0&pu=usm@1,sz@224_220,ta@iphone____&bd_page_type=1&baiduid=AFEA4F041C6C963AB03E4F918225FA46&tj=www_normal_1_10_10_title",股票配资什么利率
"https://zhidao.baidu.com/index?word=%E8%82%A1%E7%A5%A8%E9%85%8D%E8%B5%84%E4%BB%80%E4%B9%88%E5%88%A9%E7%8E%87&device=mobile&ssid=0&from=0&uid=0&pu=usm@1,sz@224_220,ta@iphone____&bd_page_type=1&baiduid=AFEA4F041C6C963AB03E4F918225FA46&tj=zhidao_2_0_10_1",股票配资什么利率
https://m.baidu.com/s?word=%E4%B8%AD%E9%87%91%E5%9C%A8%E7%BA%BF&sa=re_dl_er_30420_4&prese=lid@9449193082904930328&euri=211e6d9c25174c4a8b82cf2c8d2b1cac&rqid=9449193082904930328&oq=%E8%82%A1%E7%A5%A8%E9%85%8D%E8%B5%84%E4%BB%80%E4%B9%88%E5%88%A9%E7%8E%87,股票配资什么利率
