url,brand,type,name
http://product.m.360che.com/s0/64_66_index.html,一汽解放,解放J6P 牵引车,解放J6P
http://product.m.360che.com/s0/98_66_index.html,沃尔沃,沃尔沃FH16 牵引车,沃尔沃FH16
http://product.m.360che.com/s15/3943_66_index.html,重汽豪沃(HOWO),HOWO T7H 牵引车,HOWO T7H
http://product.m.360che.com/s26/6539_66_index.html,青岛解放,解放JH6 牵引车,解放JH6
http://product.m.360che.com/s0/23_66_index.html,东风商用车,东风天龙 牵引车,东风天龙
http://product.m.360che.com/s15/3997_64_index.html,一汽解放,解放J6L 载货车,解放J6L
http://product.m.360che.com/s0/22_64_index.html,东风商用车,东风天锦 载货车,东风天锦
http://product.m.360che.com/s16/4140_64_index.html,江淮格尔发,格尔发K5 载货车,格尔发K5
http://product.m.360che.com/s11/2915_66_index.html,福田欧曼,欧曼GTL 牵引车,欧曼GTL
http://product.m.360che.com/s25/6495_66_index.html,沃尔沃,沃尔沃新FH 牵引车,沃尔沃新FH
http://product.m.360che.com/s13/3358_64_index.html,重汽豪沃(HOWO),HOWO T5G 载货车,HOWO T5G
http://product.m.360che.com/s16/4086_66_index.html,陕汽重卡,德龙X3000 牵引车,德龙X3000
http://product.m.360che.com/s0/54_64_index.html,东风柳汽,乘龙M3 载货车,乘龙M3
http://product.m.360che.com/s0/82_66_index.html,奔驰,奔驰Actros 牵引车,奔驰Actros
http://product.m.360che.com/s16/4146_66_index.html,四川现代,创虎Xcient 牵引车,创虎Xcient
http://product.m.360che.com/s0/23_64_index.html,东风商用车,东风天龙 载货车,东风天龙
http://product.m.360che.com/s14/3628_64_index.html,江铃汽车,凯锐800 载货车,凯锐800
http://product.m.360che.com/s15/3980_66_index.html,重汽汕德卡,SITRAK C7H  牵引车,SITRAK C7H 
http://product.m.360che.com/s11/2915_64_index.html,福田欧曼,欧曼GTL 载货车,欧曼GTL
http://product.m.360che.com/s0/94_66_index.html,斯堪尼亚,斯堪尼亚 R系列 牵引车,斯堪尼亚 R系列
http://product.m.360che.com/s16/4140_66_index.html,江淮格尔发,格尔发K5 牵引车,格尔发K5
http://product.m.360che.com/s26/6607_66_index.html,东风柳汽,乘龙H7 牵引车,乘龙H7
http://product.m.360che.com/s1/409_64_index.html,福田欧曼,欧曼ETX 载货车,欧曼ETX
http://product.m.360che.com/s16/4079_64_index.html,青岛解放,龙V 载货车,龙V
http://product.m.360che.com/s0/121_66_index.html,广汽日野,广汽日野700 牵引车,广汽日野700
http://product.m.360che.com/s15/3989_66_index.html,东风商用车,天龙旗舰 牵引车,天龙旗舰
http://product.m.360che.com/s26/6569_64_index.html,江淮帅铃,帅铃K 载货车,帅铃K
http://product.m.360che.com/s0/67_66_index.html,上汽红岩,杰狮 牵引车,杰狮
http://product.m.360che.com/s0/95_66_index.html,斯堪尼亚,斯堪尼亚 G系列 牵引车,斯堪尼亚 G系列
http://product.m.360che.com/s1/432_64_index.html,时代汽车,小卡之星 载货车,小卡之星
http://product.m.360che.com/s12/3247_64_index.html,重汽豪瀚,豪瀚J7B 载货车,豪瀚J7B
http://product.m.360che.com/s0/78_64_index.html,庆铃,五十铃100P 载货车,五十铃100P
http://product.m.360che.com/s16/4136_66_index.html,青岛解放,悍V 牵引车,悍V
http://product.m.360che.com/s0/24_63_index.html,东风商用车,东风大力神 自卸车,东风大力神
http://product.m.360che.com/s0/18_64_index.html,东风多利卡,多利卡D6 载货车,多利卡D6
http://product.m.360che.com/s26/6645_64_index.html,江淮骏铃,骏铃K 载货车,骏铃K
http://product.m.360che.com/s0/64_63_index.html,一汽解放,解放J6P 自卸车,解放J6P
http://product.m.360che.com/s26/6630_64_index.html,陕汽重卡,德龙新M3000 载货车,德龙新M3000
http://product.m.360che.com/s25/6413_64_index.html,重汽斯太尔,斯太尔M5G 载货车,斯太尔M5G
http://product.m.360che.com/s25/6457_64_index.html,一汽解放,解放J6M 载货车,解放J6M
http://product.m.360che.com/s1/409_66_index.html,福田欧曼,欧曼ETX 牵引车,欧曼ETX
http://product.m.360che.com/s26/6557_64_index.html,江淮帅铃,帅铃W威司达 载货车,帅铃W威司达
http://product.m.360che.com/s16/4086_63_index.html,陕汽重卡,德龙X3000 自卸车,德龙X3000
http://product.m.360che.com/s0/48_64_index.html,江淮格尔发,格尔发A5 载货车,格尔发A5
http://product.m.360che.com/s1/442_64_index.html,江淮康铃,康铃K 载货车,康铃K
http://product.m.360che.com/s26/6630_66_index.html,陕汽重卡,德龙新M3000 牵引车,德龙新M3000
http://product.m.360che.com/s25/6401_66_index.html,一汽柳特,安捷L5R 牵引车,安捷L5R
http://product.m.360che.com/s26/6564_64_index.html,福田欧马可,欧马可5系 载货车,欧马可5系
http://product.m.360che.com/s6/1529_64_index.html,福田瑞沃,瑞沃中卡 载货车,瑞沃中卡
http://product.m.360che.com/s0/54_63_index.html,东风柳汽,乘龙M3 自卸车,乘龙M3
http://product.m.360che.com/s0/44_63_index.html,重汽豪沃(HOWO),HOWO-7 自卸车,HOWO-7
http://product.m.360che.com/s16/4077_66_index.html,青岛解放,天V 牵引车,天V
http://product.m.360che.com/s0/52_64_index.html,东风柳汽,乘龙M5 载货车,乘龙M5
http://product.m.360che.com/s3/957_63_index.html,重汽王牌,王牌7系 自卸车,王牌7系
http://product.m.360che.com/s26/6512_64_index.html,福田奥铃,奥铃CTX 载货车,奥铃CTX
http://product.m.360che.com/s1/421_66_index.html,陕汽重卡,德龙F3000 牵引车,德龙F3000
http://product.m.360che.com/s0/70_64_index.html,江淮帅铃,帅铃H 载货车,帅铃H
http://product.m.360che.com/s0/216_66_index.html,联合卡车,联合U系 牵引车,联合U系
http://product.m.360che.com/s25/6472_66_index.html,大运重卡,大运N9 牵引车,大运N9
http://product.m.360che.com/s26/6660_64_index.html,重汽HOWO轻卡,统帅 载货车,统帅
http://product.m.360che.com/s11/2957_66_index.html,依维柯,Stralis 牵引车,Stralis
http://product.m.360che.com/s26/6562_64_index.html,福田欧马可,欧马可1系 载货车,欧马可1系
http://product.m.360che.com/s26/6583_64_index.html,一汽柳特,金陆 载货车,金陆
http://product.m.360che.com/s2/545_66_index.html,曼,TGX 牵引车,TGX
http://product.m.360che.com/s6/1509_66_index.html,东风柳汽,乘龙M7 牵引车,乘龙M7
http://product.m.360che.com/s26/6627_64_index.html,凯马,骏驰 载货车,骏驰
http://product.m.360che.com/s16/4086_64_index.html,陕汽重卡,德龙X3000 载货车,德龙X3000
http://product.m.360che.com/s1/472_60_index.html,庆铃,五十铃TF 皮卡,五十铃TF
http://product.m.360che.com/s26/6649_64_index.html,江淮康铃,康铃X 载货车,康铃X
http://product.m.360che.com/s14/3528_66_index.html,大运重卡,大运N8 牵引车,大运N8
http://product.m.360che.com/s26/6626_64_index.html,四川现代,瑞逸 载货车,瑞逸
http://product.m.360che.com/s4/1207_64_index.html,凯马,福运来 载货车,福运来
http://product.m.360che.com/s1/462_60_index.html,江铃汽车,宝典 皮卡,宝典
http://product.m.360che.com/s15/3910_64_index.html,长安商用,神骐 载货车,神骐
http://product.m.360che.com/s15/3982_64_index.html,重汽汕德卡,SITRAK C5H  载货车,SITRAK C5H 
http://product.m.360che.com/s2/685_64_index.html,开瑞绿卡,绿卡S 载货车,绿卡S
http://product.m.360che.com/s25/6391_64_index.html,东风特商,东风特商 载货车,东风特商
http://product.m.360che.com/s12/3229_64_index.html,长安跨越,新豹 载货车,新豹
http://product.m.360che.com/s6/1524_66_index.html,曼,TGS 牵引车,TGS
http://product.m.360che.com/s0/64_64_index.html,一汽解放,解放J6P 载货车,解放J6P
http://product.m.360che.com/s14/3537_60_index.html,江铃汽车,域虎 皮卡,域虎
http://product.m.360che.com/s25/6496_66_index.html,沃尔沃,沃尔沃新FM 牵引车,沃尔沃新FM
http://product.m.360che.com/s11/2915_63_index.html,福田欧曼,欧曼GTL 自卸车,欧曼GTL
http://product.m.360che.com/s1/421_63_index.html,陕汽重卡,德龙F3000 自卸车,德龙F3000
http://product.m.360che.com/s26/6685_64_index.html,凯马,凯捷 载货车,凯捷
http://product.m.360che.com/s4/1211_64_index.html,凯马,金运卡 载货车,金运卡
http://product.m.360che.com/s1/409_63_index.html,福田欧曼,欧曼ETX 自卸车,欧曼ETX
http://product.m.360che.com/s25/6456_64_index.html,陕汽商用车,轩德X6 载货车,轩德X6
http://product.m.360che.com/s26/6563_64_index.html,福田欧马可,欧马可3系 载货车,欧马可3系
http://product.m.360che.com/s26/6624_64_index.html,东风神宇,御虎 载货车,御虎
http://product.m.360che.com/s26/6607_64_index.html,东风柳汽,乘龙H7 载货车,乘龙H7
http://product.m.360che.com/s0/52_63_index.html,东风柳汽,乘龙M5 自卸车,乘龙M5
http://product.m.360che.com/s26/6647_64_index.html,江淮康铃,康铃H3 载货车,康铃H3
http://product.m.360che.com/s12/3211_64_index.html,东风凯普特,凯普特E 载货车,凯普特E
http://product.m.360che.com/s26/6630_63_index.html,陕汽重卡,德龙新M3000 自卸车,德龙新M3000
http://product.m.360che.com/s0/97_66_index.html,沃尔沃,沃尔沃FH 牵引车,沃尔沃FH
http://product.m.360che.com/s11/2978_63_index.html,上汽红岩,新金刚 自卸车,新金刚
http://product.m.360che.com/s16/4146_64_index.html,四川现代,创虎Xcient 载货车,创虎Xcient
http://product.m.360che.com/s11/2885_64_index.html,五菱,荣光 载货车,荣光
http://product.m.360che.com/s25/6391_63_index.html,东风特商,东风特商 自卸车,东风特商
http://product.m.360che.com/s0/22_63_index.html,东风商用车,东风天锦 自卸车,东风天锦
http://product.m.360che.com/s0/82_64_index.html,奔驰,奔驰Actros 载货车,奔驰Actros
http://product.m.360che.com/s14/3534_64_index.html,大运重卡,大运N6 载货车,大运N6
http://product.m.360che.com/s26/6629_60_index.html,江西五十铃,D-MAX 皮卡,D-MAX
http://product.m.360che.com/s13/3251_63_index.html,重汽豪曼,豪曼H5 自卸车,豪曼H5
http://product.m.360che.com/s0/132_63_index.html,福田瑞沃,金刚 自卸车,金刚
http://product.m.360che.com/s10/2538_60_index.html,福田皮卡,拓陆者 皮卡,拓陆者
http://product.m.360che.com/s26/6559_64_index.html,四川现代,瑞越 载货车,瑞越
http://product.m.360che.com/s0/79_64_index.html,庆铃,五十铃700P 载货车,五十铃700P
http://product.m.360che.com/s0/67_63_index.html,上汽红岩,杰狮 自卸车,杰狮
http://product.m.360che.com/s25/6413_66_index.html,重汽斯太尔,斯太尔M5G 牵引车,斯太尔M5G
http://product.m.360che.com/s26/6631_66_index.html,上汽红岩,红岩杰卡 牵引车,红岩杰卡
http://product.m.360che.com/s26/6727_66_index.html,福田欧曼,欧曼EST 牵引车,欧曼EST
http://product.m.360che.com/s13/3358_66_index.html,重汽豪沃(HOWO),HOWO T5G 牵引车,HOWO T5G
http://product.m.360che.com/s0/56_66_index.html,东风柳汽,龙卡 牵引车,龙卡
http://product.m.360che.com/s5/1295_64_index.html,沃尔沃,沃尔沃FMX 载货车,沃尔沃FMX
http://product.m.360che.com/s25/6462_66_index.html,庆铃,五十铃VC46 牵引车,五十铃VC46
http://product.m.360che.com/s0/93_66_index.html,斯堪尼亚,斯堪尼亚 P系列 牵引车,斯堪尼亚 P系列
http://product.m.360che.com/s26/6600_66_index.html,徐工重卡,汉风 牵引车,汉风
http://product.m.360che.com/s26/6644_64_index.html,江淮骏铃,骏铃M 载货车,骏铃M
http://product.m.360che.com/s1/471_60_index.html,长城汽车,风骏5 皮卡,风骏5
http://product.m.360che.com/s14/3606_66_index.html,青岛解放,新悍威J5M 牵引车,新悍威J5M
http://product.m.360che.com/s15/3907_64_index.html,重汽HOWO轻卡,悍将 载货车,悍将
http://product.m.360che.com/s25/6488_66_index.html,北奔重卡,北奔V3HT 牵引车,北奔V3HT
http://product.m.360che.com/s26/6535_64_index.html,江淮帅铃,帅铃X 载货车,帅铃X
http://product.m.360che.com/s25/6457_66_index.html,一汽解放,解放J6M 牵引车,解放J6M
http://product.m.360che.com/s0/52_66_index.html,东风柳汽,乘龙M5 牵引车,乘龙M5
http://product.m.360che.com/s26/6596_64_index.html,江淮帅铃,帅铃E 载货车,帅铃E
http://product.m.360che.com/s15/3832_64_index.html,唐骏汽车,金利卡 载货车,金利卡
http://product.m.360che.com/s2/543_64_index.html,奔驰,乌尼莫克 载货车,乌尼莫克
http://product.m.360che.com/s5/1295_63_index.html,沃尔沃,沃尔沃FMX 自卸车,沃尔沃FMX
http://product.m.360che.com/s16/4088_64_index.html,重汽王牌,W1 载货车,W1
http://product.m.360che.com/s26/6646_64_index.html,江淮骏铃,骏铃W 载货车,骏铃W
http://product.m.360che.com/s3/932_64_index.html,东风凯普特,凯普特N300 载货车,凯普特N300
http://product.m.360che.com/s0/216_64_index.html,联合卡车,联合U系 载货车,联合U系
http://product.m.360che.com/s0/219_66_index.html,北奔重卡,北奔V3 牵引车,北奔V3
http://product.m.360che.com/s26/6597_64_index.html,唐骏汽车,唐骏T1 载货车,唐骏T1
http://product.m.360che.com/s15/3830_64_index.html,唐骏汽车,小宝马 载货车,小宝马
http://product.m.360che.com/s26/6601_63_index.html,凯马,骏腾 自卸车,骏腾
http://product.m.360che.com/s0/219_63_index.html,北奔重卡,北奔V3 自卸车,北奔V3
http://product.m.360che.com/s4/1203_64_index.html,唐骏汽车,赛菱 载货车,赛菱
http://product.m.360che.com/s26/6634_63_index.html,东风神宇,御龙 自卸车,御龙
http://product.m.360che.com/s0/216_63_index.html,联合卡车,联合U系 自卸车,联合U系
http://product.m.360che.com/s1/421_64_index.html,陕汽重卡,德龙F3000 载货车,德龙F3000
http://product.m.360che.com/s12/3169_66_index.html,奔驰,奔驰新Actros 牵引车,奔驰新Actros
http://product.m.360che.com/s0/43_63_index.html,北奔重卡,NG80 自卸车,NG80
http://product.m.360che.com/s15/3887_64_index.html,上汽跃进,超越C 载货车,超越C
http://product.m.360che.com/s0/44_66_index.html,重汽豪沃(HOWO),HOWO-7 牵引车,HOWO-7
http://product.m.360che.com/s3/957_64_index.html,重汽王牌,王牌7系 载货车,王牌7系
http://product.m.360che.com/s0/83_64_index.html,奔驰,奔驰Axor 载货车,奔驰Axor
http://product.m.360che.com/s16/4136_64_index.html,青岛解放,悍V 载货车,悍V
http://product.m.360che.com/s15/3859_64_index.html,时代汽车,康瑞H 载货车,康瑞H
http://product.m.360che.com/s26/6643_64_index.html,江淮骏铃,骏铃H 载货车,骏铃H
http://product.m.360che.com/s15/3967_64_index.html,青岛解放,途V 载货车,途V
http://product.m.360che.com/s13/3293_64_index.html,金杯,骐运 载货车,骐运
http://product.m.360che.com/s11/2938_63_index.html,时骏,斯卡特 自卸车,斯卡特
http://product.m.360che.com/s0/3_66_index.html,华菱,星凯马 牵引车,星凯马
http://product.m.360che.com/s25/6454_64_index.html,开瑞绿卡,绿卡C 载货车,绿卡C
http://product.m.360che.com/s0/67_64_index.html,上汽红岩,杰狮 载货车,杰狮
http://product.m.360che.com/s26/6511_66_index.html,华菱,汉马 牵引车,汉马
http://product.m.360che.com/s26/6589_64_index.html,凯马,锐菱 载货车,锐菱
http://product.m.360che.com/s6/1565_60_index.html,大众,Amarok 皮卡,Amarok
http://product.m.360che.com/s16/4151_63_index.html,东风力拓,力拓4102 自卸车,力拓4102
http://product.m.360che.com/s9/2456_64_index.html,沃尔沃,沃尔沃FE 载货车,沃尔沃FE
http://product.m.360che.com/s15/3997_66_index.html,一汽解放,解放J6L 牵引车,解放J6L
http://product.m.360che.com/s16/4146_63_index.html,四川现代,创虎Xcient 自卸车,创虎Xcient
http://product.m.360che.com/s26/6705_64_index.html,唐骏汽车,唐骏T7 载货车,唐骏T7
http://product.m.360che.com/s4/1185_64_index.html,黑豹,黑豹 载货车,黑豹
http://product.m.360che.com/s1/458_60_index.html,郑州日产,东风锐骐皮卡 皮卡,东风锐骐皮卡
http://product.m.360che.com/s25/6444_64_index.html,长安跨越,MINI 载货车,MINI
http://product.m.360che.com/s0/48_66_index.html,江淮格尔发,格尔发A5 牵引车,格尔发A5
http://product.m.360che.com/s25/6407_66_index.html,东沃,酷腾 牵引车,酷腾
http://product.m.360che.com/s0/121_64_index.html,广汽日野,广汽日野700 载货车,广汽日野700
http://product.m.360che.com/s26/6634_66_index.html,东风神宇,御龙 牵引车,御龙
http://product.m.360che.com/s5/1499_66_index.html,达夫/DAF,达夫XF 牵引车,达夫XF
http://product.m.360che.com/s26/6513_64_index.html,福田奥铃,奥铃TX 载货车,奥铃TX
http://product.m.360che.com/s15/3885_64_index.html,沃尔沃,沃尔沃FL 载货车,沃尔沃FL
http://product.m.360che.com/s26/6711_63_index.html,奥驰汽车,奥驰X系 自卸车,奥驰X系
http://product.m.360che.com/s25/6451_64_index.html,一汽红塔,解放霸铃 载货车,解放霸铃
http://product.m.360che.com/s26/6618_60_index.html,江淮皮卡,帅铃T6 皮卡,帅铃T6
http://product.m.360che.com/s14/3541_64_index.html,东风小康,C系列 载货车,C系列
http://product.m.360che.com/s12/3214_66_index.html,陕汽重卡,德龙M3000 牵引车,德龙M3000
http://product.m.360che.com/s0/46_66_index.html,重汽豪沃(HOWO),HOWO A7 牵引车,HOWO A7
http://product.m.360che.com/s15/3865_64_index.html,唐骏汽车,唐骏T3 载货车,唐骏T3
http://product.m.360che.com/s12/3247_66_index.html,重汽豪瀚,豪瀚J7B 牵引车,豪瀚J7B
http://product.m.360che.com/s15/3838_64_index.html,唐骏汽车,欧冠 载货车,欧冠
http://product.m.360che.com/s4/1179_64_index.html,东风小康,K系列 载货车,K系列
http://product.m.360che.com/s25/6489_66_index.html,北奔重卡,北奔V3M 牵引车,北奔V3M
http://product.m.360che.com/s0/96_66_index.html,沃尔沃,沃尔沃FM 牵引车,沃尔沃FM
http://product.m.360che.com/s4/1213_64_index.html,凯马,福来卡 载货车,福来卡
http://product.m.360che.com/s26/6708_64_index.html,奥驰汽车,奥驰D系 载货车,奥驰D系
http://product.m.360che.com/s6/1579_60_index.html,福特汽车,F-150 皮卡,F-150
http://product.m.360che.com/s26/6717_64_index.html,东风多利卡,多利卡D9 载货车,多利卡D9
http://product.m.360che.com/s25/6402_66_index.html,一汽柳特,神力L4 牵引车,神力L4
http://product.m.360che.com/s0/43_66_index.html,北奔重卡,NG80 牵引车,NG80
http://product.m.360che.com/s0/6_66_index.html,雷诺,雷诺Premium 牵引车,雷诺Premium
http://product.m.360che.com/s25/6478_64_index.html,重汽王牌,王牌W5G 载货车,王牌W5G
http://product.m.360che.com/s0/83_66_index.html,奔驰,奔驰Axor 牵引车,奔驰Axor
http://product.m.360che.com/s1/465_60_index.html,福田皮卡,萨普V 皮卡,萨普V
http://product.m.360che.com/s26/6588_63_index.html,南骏汽车,瑞康 自卸车,瑞康
http://product.m.360che.com/s26/6511_64_index.html,华菱,汉马 载货车,汉马
http://product.m.360che.com/s15/3943_63_index.html,重汽豪沃(HOWO),HOWO T7H 自卸车,HOWO T7H
http://product.m.360che.com/s26/6559_63_index.html,四川现代,瑞越 自卸车,瑞越
http://product.m.360che.com/s26/6719_66_index.html,重汽斯太尔,斯太尔D7B 牵引车,斯太尔D7B
http://product.m.360che.com/s16/4020_64_index.html,大运轻卡,奥普力 载货车,奥普力
http://product.m.360che.com/s12/3214_64_index.html,陕汽重卡,德龙M3000 载货车,德龙M3000
http://product.m.360che.com/s0/43_64_index.html,北奔重卡,NG80 载货车,NG80
http://product.m.360che.com/s26/6690_64_index.html,三环十通,T3 载货车,T3
http://product.m.360che.com/s25/6491_60_index.html,江铃集团轻汽,骐铃 皮卡,骐铃
http://product.m.360che.com/s26/6583_63_index.html,一汽柳特,金陆 自卸车,金陆
http://product.m.360che.com/s25/6483_60_index.html,长城汽车,风骏6 皮卡,风骏6
http://product.m.360che.com/s0/197_64_index.html,华菱,华菱之星 载货车,华菱之星
http://product.m.360che.com/s26/6584_64_index.html,一汽凌源,凌源 载货车,凌源
http://product.m.360che.com/s9/2456_63_index.html,沃尔沃,沃尔沃FE 自卸车,沃尔沃FE
http://product.m.360che.com/s16/4045_60_index.html,福特汽车,F-650 皮卡,F-650
http://product.m.360che.com/s1/464_60_index.html,丰田汽车,坦途5700 皮卡,坦途5700
http://product.m.360che.com/s26/6595_64_index.html,金杯,金杯T32 载货车,金杯T32
http://product.m.360che.com/s25/6464_60_index.html,长城汽车,风骏5欧洲版 皮卡,风骏5欧洲版
http://product.m.360che.com/s25/6427_64_index.html,一汽红塔,解放公狮 载货车,解放公狮
http://product.m.360che.com/s26/6573_66_index.html,铂骏,铂骏·天际 牵引车,铂骏·天际
http://product.m.360che.com/s16/4056_66_index.html,东风创普,创普 牵引车,创普
http://product.m.360che.com/s26/6699_63_index.html,凯马,天驰威力龙 自卸车,天驰威力龙
http://product.m.360che.com/s0/44_64_index.html,重汽豪沃(HOWO),HOWO-7 载货车,HOWO-7
http://product.m.360che.com/s26/6614_64_index.html,金杯,运赢 载货车,运赢
http://product.m.360che.com/s25/6402_63_index.html,一汽柳特,神力L4 自卸车,神力L4
http://product.m.360che.com/s11/2889_64_index.html,一汽吉林,佳宝T 载货车,佳宝T
http://product.m.360che.com/s0/39_66_index.html,陕汽重卡,奥龙 牵引车,奥龙
http://product.m.360che.com/s26/6650_66_index.html,东风柳汽,乘龙T7 牵引车,乘龙T7
http://product.m.360che.com/s16/4094_64_index.html,长安跨越,跨越王 载货车,跨越王
http://product.m.360che.com/s14/3528_63_index.html,大运重卡,大运N8 自卸车,大运N8
http://product.m.360che.com/s0/19_64_index.html,东风小霸王,小霸王V 载货车,小霸王V
http://product.m.360che.com/s26/6715_64_index.html,东风多利卡,多利卡D5 载货车,多利卡D5
http://product.m.360che.com/s26/6586_63_index.html,南骏汽车,新鸿运 自卸车,新鸿运
http://product.m.360che.com/s16/4079_66_index.html,青岛解放,龙V 牵引车,龙V
http://product.m.360che.com/s13/3463_64_index.html,唐骏汽车,福星 载货车,福星
http://product.m.360che.com/s25/6478_66_index.html,重汽王牌,王牌W5G 牵引车,王牌W5G
http://product.m.360che.com/s11/2954_66_index.html,依维柯,Trakker 牵引车,Trakker
http://product.m.360che.com/s0/54_66_index.html,东风柳汽,乘龙M3 牵引车,乘龙M3
http://product.m.360che.com/s25/6498_64_index.html,四川现代,瑞宝 载货车,瑞宝
http://product.m.360che.com/s26/6534_64_index.html,一汽解放轻卡,麟V 载货车,麟V
http://product.m.360che.com/s0/4_63_index.html,华菱,华菱重卡 自卸车,华菱重卡
http://product.m.360che.com/s0/39_63_index.html,陕汽重卡,奥龙 自卸车,奥龙
http://product.m.360che.com/s0/23_63_index.html,东风商用车,东风天龙 自卸车,东风天龙
http://product.m.360che.com/s25/6391_66_index.html,东风特商,东风特商 牵引车,东风特商
http://product.m.360che.com/s25/6482_64_index.html,东风股份,小卡王 载货车,小卡王
http://product.m.360che.com/s25/6467_64_index.html,江淮星锐,星锐6系 载货车,星锐6系
http://product.m.360che.com/s26/6601_64_index.html,凯马,骏腾 载货车,骏腾
http://product.m.360che.com/s26/6704_64_index.html,唐骏汽车,唐骏K3 载货车,唐骏K3
http://product.m.360che.com/s15/3828_60_index.html,福田皮卡,萨普Z 皮卡,萨普Z
http://product.m.360che.com/s16/4136_63_index.html,青岛解放,悍V 自卸车,悍V
http://product.m.360che.com/s25/6459_64_index.html,庆铃,五十铃FVR 载货车,五十铃FVR
http://product.m.360che.com/s14/3611_64_index.html,一汽解放轻卡,虎V 载货车,虎V
http://product.m.360che.com/s15/3999_64_index.html,奔驰,奔驰Atego 载货车,奔驰Atego
http://product.m.360che.com/s11/2776_60_index.html,道奇,公羊 皮卡,公羊
http://product.m.360che.com/s4/1183_64_index.html,金杯,西部牛仔 载货车,西部牛仔
http://product.m.360che.com/s25/6430_60_index.html,卡威,K1 皮卡,K1
http://product.m.360che.com/s25/6455_64_index.html,开瑞绿卡,绿卡T 载货车,绿卡T
http://product.m.360che.com/s1/451_60_index.html,中兴汽车,威虎TUV 皮卡,威虎TUV
http://product.m.360che.com/s5/1497_64_index.html,达夫/DAF,达夫LF 载货车,达夫LF
http://product.m.360che.com/s25/6457_63_index.html,一汽解放,解放J6M 自卸车,解放J6M
http://product.m.360che.com/s26/6721_64_index.html,东风福瑞卡(全新),福瑞卡4102 载货车,福瑞卡4102
http://product.m.360che.com/s26/6514_64_index.html,福田奥铃,奥铃捷运 载货车,奥铃捷运
http://product.m.360che.com/s25/6398_63_index.html,一汽柳特,运财王L5K 自卸车,运财王L5K
http://product.m.360che.com/s0/95_63_index.html,斯堪尼亚,斯堪尼亚 G系列 自卸车,斯堪尼亚 G系列
http://product.m.360che.com/s0/97_64_index.html,沃尔沃,沃尔沃FH 载货车,沃尔沃FH
http://product.m.360che.com/s13/3380_64_index.html,福田欧曼,欧曼VT 载货车,欧曼VT
http://product.m.360che.com/s1/459_60_index.html,郑州日产,D22 皮卡,D22
http://product.m.360che.com/s26/6698_64_index.html,凯马,W01  载货车,W01 
http://product.m.360che.com/s0/197_63_index.html,华菱,华菱之星 自卸车,华菱之星
http://product.m.360che.com/s26/6550_64_index.html,三环十通,昊龙 载货车,昊龙
http://product.m.360che.com/s26/6716_64_index.html,东风多利卡,多利卡D8 载货车,多利卡D8
http://product.m.360che.com/s0/100_63_index.html,重汽斯太尔,金王子 自卸车,金王子
http://product.m.360che.com/s13/3380_63_index.html,福田欧曼,欧曼VT 自卸车,欧曼VT
http://product.m.360che.com/s6/1501_63_index.html,达夫/DAF,达夫CF 自卸车,达夫CF
http://product.m.360che.com/s26/6590_66_index.html,联合卡车,联合V系 牵引车,联合V系
http://product.m.360che.com/s0/116_64_index.html,北京牌,旗铃 载货车,旗铃
http://product.m.360che.com/s25/6410_64_index.html,一汽解放轻卡,J6F 载货车,J6F
http://product.m.360che.com/s26/6729_64_index.html,福田欧马可,欧马可EST 载货车,欧马可EST
http://product.m.360che.com/s25/6413_63_index.html,重汽斯太尔,斯太尔M5G 自卸车,斯太尔M5G
http://product.m.360che.com/s15/3965_64_index.html,青岛解放,陆V 载货车,陆V
http://product.m.360che.com/s26/6712_64_index.html,东风凯普特,凯普特N280 载货车,凯普特N280
http://product.m.360che.com/s13/3358_63_index.html,重汽豪沃(HOWO),HOWO T5G 自卸车,HOWO T5G
http://product.m.360che.com/s0/96_64_index.html,沃尔沃,沃尔沃FM 载货车,沃尔沃FM
http://product.m.360che.com/s11/2936_66_index.html,时骏,格奥雷 牵引车,格奥雷
http://product.m.360che.com/s26/6512_63_index.html,福田奥铃,奥铃CTX 自卸车,奥铃CTX
http://product.m.360che.com/s3/985_66_index.html,中国重汽,HOKA H7 牵引车,HOKA H7
http://product.m.360che.com/s25/6489_63_index.html,北奔重卡,北奔V3M 自卸车,北奔V3M
http://product.m.360che.com/s25/6404_64_index.html,上汽跃进,上骏X 载货车,上骏X
http://product.m.360che.com/s26/6549_66_index.html,三环十通,御龙 牵引车,御龙
http://product.m.360che.com/s15/3889_64_index.html,依维柯,Daily 载货车,Daily
http://product.m.360che.com/s0/4_66_index.html,华菱,华菱重卡 牵引车,华菱重卡
http://product.m.360che.com/s26/6667_64_index.html,奥驰汽车,悦菱 载货车,悦菱
http://product.m.360che.com/s4/1215_64_index.html,东风商用车,嘉运 载货车,嘉运
http://product.m.360che.com/s26/6574_63_index.html,时骏,凯沃达 自卸车,凯沃达
http://product.m.360che.com/s26/6582_63_index.html,一汽柳特,金大陆 自卸车,金大陆
http://product.m.360che.com/s26/6659_63_index.html,时骏,王子 自卸车,王子
http://product.m.360che.com/s0/94_64_index.html,斯堪尼亚,斯堪尼亚 R系列 载货车,斯堪尼亚 R系列
http://product.m.360che.com/s26/6550_63_index.html,三环十通,昊龙 自卸车,昊龙
http://product.m.360che.com/s26/6662_66_index.html,陕汽重卡,德龙L3000 牵引车,德龙L3000
http://product.m.360che.com/s0/75_63_index.html,上汽红岩,金刚 自卸车,金刚
http://product.m.360che.com/s0/131_64_index.html,时代汽车,领航 载货车,领航
http://product.m.360che.com/s0/7_63_index.html,雷诺,雷诺Kerax 自卸车,雷诺Kerax
http://product.m.360che.com/s26/6718_64_index.html,东风多利卡,多利卡D7 载货车,多利卡D7
http://product.m.360che.com/s26/6575_60_index.html,东风,东风皮卡 皮卡,东风皮卡
http://product.m.360che.com/s26/6713_64_index.html,东风凯普特,凯普特C 载货车,凯普特C
http://product.m.360che.com/s15/3967_66_index.html,青岛解放,途V 牵引车,途V
http://product.m.360che.com/s16/4149_64_index.html,四川现代,Mighty 载货车,Mighty
http://product.m.360che.com/s25/6497_64_index.html,四川现代,瑞捷 载货车,瑞捷
http://product.m.360che.com/s13/3435_64_index.html,奔驰,奔驰Zetros 载货车,奔驰Zetros
http://product.m.360che.com/s13/3380_66_index.html,福田欧曼,欧曼VT 牵引车,欧曼VT
http://product.m.360che.com/s12/3247_63_index.html,重汽豪瀚,豪瀚J7B 自卸车,豪瀚J7B
http://product.m.360che.com/s16/4077_63_index.html,青岛解放,天V 自卸车,天V
http://product.m.360che.com/s25/6407_63_index.html,东沃,酷腾 自卸车,酷腾
http://product.m.360che.com/s14/3606_64_index.html,青岛解放,新悍威J5M 载货车,新悍威J5M
http://product.m.360che.com/s16/4056_64_index.html,东风创普,创普 载货车,创普
http://product.m.360che.com/s25/6456_63_index.html,陕汽商用车,轩德X6 自卸车,轩德X6
http://product.m.360che.com/s0/197_66_index.html,华菱,华菱之星 牵引车,华菱之星
http://product.m.360che.com/s26/6709_63_index.html,奥驰汽车,奥驰T系 自卸车,奥驰T系
http://product.m.360che.com/s25/6446_66_index.html,重汽斯太尔,新黄河 牵引车,新黄河
http://product.m.360che.com/s1/494_60_index.html,北京牌,越铃 皮卡,越铃
http://product.m.360che.com/s4/1175_64_index.html,开瑞汽车,优劲 载货车,优劲
http://product.m.360che.com/s0/13_63_index.html,一汽解放,骏威J5K 自卸车,骏威J5K
http://product.m.360che.com/s16/4077_64_index.html,青岛解放,天V 载货车,天V
http://product.m.360che.com/s26/6720_63_index.html,重汽豪曼,豪曼H3 自卸车,豪曼H3
http://product.m.360che.com/s0/48_63_index.html,江淮格尔发,格尔发A5 自卸车,格尔发A5
http://product.m.360che.com/s16/4176_63_index.html,力帆骏马,凯沃达 自卸车,凯沃达
http://product.m.360che.com/s26/6666_64_index.html,南骏汽车,瑞宝 载货车,瑞宝
http://product.m.360che.com/s4/1051_66_index.html,徐工重卡,祺龙 牵引车,祺龙
http://product.m.360che.com/s25/6424_63_index.html,福田瑞沃,骁运 自卸车,骁运
http://product.m.360che.com/s25/6478_63_index.html,重汽王牌,王牌W5G 自卸车,王牌W5G
http://product.m.360che.com/s25/6453_64_index.html,庆铃,五十铃600P 载货车,五十铃600P
http://product.m.360che.com/s26/6524_63_index.html,唐骏汽车,小金刚 自卸车,小金刚
http://product.m.360che.com/s12/3214_63_index.html,陕汽重卡,德龙M3000 自卸车,德龙M3000
http://product.m.360che.com/s15/3830_63_index.html,唐骏汽车,小宝马 自卸车,小宝马
http://product.m.360che.com/s14/3564_64_index.html,东风股份,俊风 载货车,俊风
http://product.m.360che.com/s25/6447_64_index.html,北汽威旺,威旺 载货车,威旺
http://product.m.360che.com/s1/490_60_index.html,金杯,大力神 皮卡,大力神
http://product.m.360che.com/s1/453_60_index.html,中兴汽车,旗舰A9 皮卡,旗舰A9
http://product.m.360che.com/s6/1581_60_index.html,福特汽车,F-350 皮卡,F-350
http://product.m.360che.com/s25/6394_63_index.html,湖北大运,风景 自卸车,风景
http://product.m.360che.com/s4/1167_64_index.html,长安商用,星卡 载货车,星卡
http://product.m.360che.com/s16/4088_63_index.html,重汽王牌,W1 自卸车,W1
http://product.m.360che.com/s25/6475_60_index.html,黄海汽车,黄海N1 皮卡,黄海N1
http://product.m.360che.com/s26/6507_60_index.html,中兴汽车,威虎G3 皮卡,威虎G3
http://product.m.360che.com/s0/3_63_index.html,华菱,星凯马 自卸车,星凯马
http://product.m.360che.com/s26/6662_64_index.html,陕汽重卡,德龙L3000 载货车,德龙L3000
http://product.m.360che.com/s26/6551_63_index.html,三环十通,福星卡 自卸车,福星卡
http://product.m.360che.com/s1/455_60_index.html,黄海汽车,大柴神 皮卡,大柴神
http://product.m.360che.com/s26/6724_60_index.html,长安商用,神骐F30 皮卡,神骐F30
http://product.m.360che.com/s11/2936_63_index.html,时骏,格奥雷 自卸车,格奥雷
http://product.m.360che.com/s0/82_63_index.html,奔驰,奔驰Actros 自卸车,奔驰Actros
http://product.m.360che.com/s26/6642_60_index.html,开瑞汽车,杰虎 皮卡,杰虎
http://product.m.360che.com/s26/6654_64_index.html,铂骏,铂骏·翼骏 载货车,铂骏·翼骏
http://product.m.360che.com/s6/1561_60_index.html,海格汽车,龙威 皮卡,龙威
http://product.m.360che.com/s26/6599_60_index.html,福迪汽车,雄狮F22 皮卡,雄狮F22
http://product.m.360che.com/s15/3916_60_index.html,黄海汽车,大柴神至尊 皮卡,大柴神至尊
http://product.m.360che.com/s14/3606_63_index.html,青岛解放,新悍威J5M 自卸车,新悍威J5M
http://product.m.360che.com/s26/6728_64_index.html,福田奥铃,奥铃EST 载货车,奥铃EST
http://product.m.360che.com/s25/6394_64_index.html,湖北大运,风景 载货车,风景
http://product.m.360che.com/s11/2927_60_index.html,五十铃,五十铃T系列 皮卡,五十铃T系列
http://product.m.360che.com/s26/6574_64_index.html,时骏,凯沃达 载货车,凯沃达
http://product.m.360che.com/s0/217_64_index.html,北京牌,旗龙 载货车,旗龙
http://product.m.360che.com/s26/6511_63_index.html,华菱,汉马 自卸车,汉马
http://product.m.360che.com/s26/6639_64_index.html,金杯,金杯T20 载货车,金杯T20
http://product.m.360che.com/s26/6671_60_index.html,黄海汽车,黄海N2 皮卡,黄海N2
http://product.m.360che.com/s0/124_64_index.html,金杯,领驰 载货车,领驰
http://product.m.360che.com/s15/3907_63_index.html,重汽HOWO轻卡,悍将 自卸车,悍将
http://product.m.360che.com/s26/6725_60_index.html,长安商用,神骐F50 皮卡,神骐F50
http://product.m.360che.com/s26/6506_60_index.html,金杯,金典009 皮卡,金典009
http://product.m.360che.com/s26/6695_63_index.html,南骏汽车,瑞宇 自卸车,瑞宇
http://product.m.360che.com/s25/6450_64_index.html,一汽红塔,解放金铃 载货车,解放金铃
http://product.m.360che.com/s1/488_60_index.html,金杯,雷龙 皮卡,雷龙
http://product.m.360che.com/s1/461_60_index.html,郑州日产,锐骐多功能商用车 皮卡,锐骐多功能商用车
http://product.m.360che.com/s26/6673_60_index.html,中兴汽车,小老虎 皮卡,小老虎
http://product.m.360che.com/s13/3429_60_index.html,长丰汽车,猎豹CT5 皮卡,猎豹CT5
http://product.m.360che.com/s14/3569_63_index.html,金杯,核动力 自卸车,核动力
http://product.m.360che.com/s6/1585_60_index.html,福特汽车,F-550 皮卡,F-550
http://product.m.360che.com/s25/6460_64_index.html,庆铃,五十铃 FTR 载货车,五十铃 FTR
http://product.m.360che.com/s26/6703_63_index.html,南骏汽车,祥康 自卸车,祥康
http://product.m.360che.com/s26/6549_63_index.html,三环十通,御龙 自卸车,御龙
http://product.m.360che.com/s9/2456_66_index.html,沃尔沃,沃尔沃FE 牵引车,沃尔沃FE
http://product.m.360che.com/s26/6551_64_index.html,三环十通,福星卡 载货车,福星卡
http://product.m.360che.com/s26/6594_64_index.html,金杯,金杯T30 载货车,金杯T30
http://product.m.360che.com/s1/460_60_index.html,郑州日产,D22多功能商用车 皮卡,D22多功能商用车
http://product.m.360che.com/s14/3539_60_index.html,北京牌,锐铃 皮卡,锐铃
http://product.m.360che.com/s11/2938_64_index.html,时骏,斯卡特 载货车,斯卡特
http://product.m.360che.com/s16/4128_60_index.html,重汽王牌,纯电动系列 皮卡,纯电动系列
http://product.m.360che.com/s26/6734_63_index.html,四川现代,瑞宇 自卸车,瑞宇
http://product.m.360che.com/s26/6707_64_index.html,奥驰汽车,奥驰A系 载货车,奥驰A系
http://product.m.360che.com/s26/6600_63_index.html,徐工重卡,汉风 自卸车,汉风
http://product.m.360che.com/s1/479_60_index.html,北京牌,陆铃 皮卡,陆铃
http://product.m.360che.com/s26/6550_66_index.html,三环十通,昊龙 牵引车,昊龙
http://product.m.360che.com/s4/1209_64_index.html,凯马,骏威 载货车,骏威
http://product.m.360che.com/s26/6549_64_index.html,三环十通,御龙 载货车,御龙
http://product.m.360che.com/s15/3953_60_index.html,美国通用,GMC 皮卡,GMC
http://product.m.360che.com/s25/6399_63_index.html,一汽柳特,龙威L5P 自卸车,龙威L5P
http://product.m.360che.com/s26/6710_64_index.html,奥驰汽车,奥驰V系 载货车,奥驰V系
http://product.m.360che.com/s26/6735_64_index.html,四川现代,瑞贝 载货车,瑞贝
http://product.m.360che.com/s1/456_60_index.html,黄海汽车,小柴神 皮卡,小柴神
http://product.m.360che.com/s0/136_64_index.html,凯马,凯马 载货车,凯马
http://product.m.360che.com/s26/6672_60_index.html,广汽吉奥,吉奥GP150 皮卡,吉奥GP150
http://product.m.360che.com/s11/2819_60_index.html,广汽吉奥,财运100 皮卡,财运100
http://product.m.360che.com/s1/485_60_index.html,福迪汽车,小超人 皮卡,小超人
http://product.m.360che.com/s4/1047_66_index.html,徐工重卡,瑞龙 牵引车,瑞龙
http://product.m.360che.com/s1/474_60_index.html,广汽吉奥,财运500 皮卡,财运500
http://product.m.360che.com/s26/6674_60_index.html,中兴汽车,长铃 皮卡,长铃
http://product.m.360che.com/s1/486_60_index.html,福迪汽车,雄狮 皮卡,雄狮
http://product.m.360che.com/s15/3834_64_index.html,唐骏汽车,骏骐轻卡王 载货车,骏骐轻卡王
http://product.m.360che.com/s1/478_60_index.html,长丰汽车,飞铃 皮卡,飞铃
http://product.m.360che.com/s15/3914_60_index.html,福迪汽车,雄师 F16 皮卡,雄师 F16
http://product.m.360che.com/s0/123_64_index.html,金杯,领骐 载货车,领骐
http://product.m.360che.com/s4/1038_60_index.html,广汽吉奥,财运300 皮卡,财运300
http://product.m.360che.com/s13/3251_64_index.html,重汽豪曼,豪曼H5 载货车,豪曼H5
http://product.m.360che.com/s1/477_60_index.html,长丰汽车,飞扬 皮卡,飞扬
http://product.m.360che.com/s16/4134_60_index.html,恒天汽车,途腾T3 皮卡,途腾T3
http://product.m.360che.com/s27/6750_63_index.html,湖北大运,运隆 自卸车,运隆
http://product.m.360che.com/s26/6743_64_index.html,湖北大运,风驰 载货车,风驰
http://product.m.360che.com/s26/6687_64_index.html,庆铃,五十铃K600 载货车,五十铃K600
http://product.m.360che.com/s16/4098_60_index.html,恒天汽车,途腾T2 皮卡,途腾T2
http://product.m.360che.com/s26/6720_64_index.html,重汽豪曼,豪曼H3 载货车,豪曼H3
http://product.m.360che.com/s26/6670_60_index.html,开瑞汽车,爱卡 皮卡,爱卡
http://product.m.360che.com/s27/6800_63_index.html,重汽王牌,王牌W5D 自卸车,王牌W5D
http://product.m.360che.com/s27/6798_63_index.html,湖北大运,征途 自卸车,征途
http://product.m.360che.com/s13/3295_64_index.html,金杯,金运 载货车,金运
http://product.m.360che.com/s13/3251_66_index.html,重汽豪曼,豪曼H5 牵引车,豪曼H5
http://product.m.360che.com/s27/6873_66_index.html,重汽豪瀚,豪瀚J7G 牵引车,豪瀚J7G
http://product.m.360che.com/s27/6859_63_index.html,上汽跃进,开拓 自卸车,开拓
http://product.m.360che.com/s16/4020_63_index.html,大运轻卡,奥普力 自卸车,奥普力
http://product.m.360che.com/s16/4096_60_index.html,恒天汽车,途腾T1 皮卡,途腾T1
http://product.m.360che.com/s26/6737_64_index.html,江淮骏铃,骏铃V6 载货车,骏铃V6
http://product.m.360che.com/s26/6714_64_index.html,东风凯普特,凯普特K7 载货车,凯普特K7
http://product.m.360che.com/s27/6800_64_index.html,重汽王牌,王牌W5D 载货车,王牌W5D
http://product.m.360che.com/s26/6634_64_index.html,东风神宇,御龙 载货车,御龙
http://product.m.360che.com/s26/6539_64_index.html,青岛解放,解放JH6 载货车,解放JH6
http://product.m.360che.com/s27/6783_64_index.html,江淮帅铃,帅铃i5 载货车,帅铃i5
http://product.m.360che.com/s27/6958_66_index.html,斯堪尼亚,斯堪尼亚 新R系列 牵引车,斯堪尼亚 新R系列
http://product.m.360che.com/s27/6940_64_index.html,江淮骏铃,骏铃E3 载货车,骏铃E3
http://product.m.360che.com/s27/6785_64_index.html,长征汽车,长征 载货车,长征
http://product.m.360che.com/s27/6769_63_index.html,东风力拓,力拓4100 自卸车,力拓4100
http://product.m.360che.com/s27/6847_63_index.html,福田瑞沃,瑞沃中型 自卸车,瑞沃中型
http://product.m.360che.com/s27/6970_66_index.html,东风柳汽,乘龙H5 牵引车,乘龙H5
http://product.m.360che.com/s26/6607_63_index.html,东风柳汽,乘龙H7 自卸车,乘龙H7
http://product.m.360che.com/s27/6799_64_index.html,重汽王牌,王牌W5B 载货车,王牌W5B
http://product.m.360che.com/s27/6960_60_index.html,中兴汽车,领主 皮卡,领主
http://product.m.360che.com/s26/6736_66_index.html,四川现代,致道 牵引车,致道
http://product.m.360che.com/s4/1213_63_index.html,凯马,福来卡 自卸车,福来卡
http://product.m.360che.com/s26/6743_63_index.html,湖北大运,风驰 自卸车,风驰
http://product.m.360che.com/s27/6752_64_index.html,一汽红塔,爬坡王 载货车,爬坡王
http://product.m.360che.com/s26/6719_64_index.html,重汽斯太尔,斯太尔D7B 载货车,斯太尔D7B
http://product.m.360che.com/s27/6776_64_index.html,东风小霸王,小霸王W 载货车,小霸王W
http://product.m.360che.com/s27/6872_66_index.html,重汽豪瀚,豪瀚J5G 牵引车,豪瀚J5G
http://product.m.360che.com/s16/4056_63_index.html,东风创普,创普 自卸车,创普
http://product.m.360che.com/s27/6872_64_index.html,重汽豪瀚,豪瀚J5G 载货车,豪瀚J5G
http://product.m.360che.com/s27/6943_64_index.html,一汽吉林,解放T 载货车,解放T
http://product.m.360che.com/s27/6910_66_index.html,斯堪尼亚,斯堪尼亚 S系列 牵引车,斯堪尼亚 S系列
http://product.m.360che.com/s27/6959_66_index.html,徐工重卡,Z系列 牵引车,Z系列
http://product.m.360che.com/s27/6753_60_index.html,江西五十铃,瑞迈 皮卡,瑞迈
http://product.m.360che.com/s27/6974_64_index.html,时风,风菱 载货车,风菱
http://product.m.360che.com/s27/6947_66_index.html,庆铃,五十铃VC61 牵引车,五十铃VC61
http://product.m.360che.com/s27/6951_64_index.html,江淮康铃,康铃H5 载货车,康铃H5
http://product.m.360che.com/s2/701_66_index.html,江淮格尔发,格尔发K3 牵引车,格尔发K3
http://product.m.360che.com/s27/6959_64_index.html,徐工重卡,Z系列 载货车,Z系列
http://product.m.360che.com/s27/6819_64_index.html,大运重卡,E系列 载货车,E系列
http://product.m.360che.com/s26/6744_64_index.html,福田欧马可,欧马可BEV 载货车,欧马可BEV
http://product.m.360che.com/s26/6587_63_index.html,四川现代,新鸿运 自卸车,新鸿运
http://product.m.360che.com/s27/6911_64_index.html,东风专底,东风锦程 载货车,东风锦程
http://product.m.360che.com/s4/1177_63_index.html,时代汽车,驭菱 自卸车,驭菱
http://product.m.360che.com/s27/6802_64_index.html,东风福瑞卡(全新),福瑞卡4100 载货车,福瑞卡4100
http://product.m.360che.com/s27/6799_63_index.html,重汽王牌,王牌W5B 自卸车,王牌W5B
http://product.m.360che.com/s27/6980_63_index.html,时风,风顺 自卸车,风顺
http://product.m.360che.com/s27/6777_64_index.html,四川现代,QTc 载货车,QTc
http://product.m.360che.com/s26/6624_63_index.html,东风神宇,御虎 自卸车,御虎
http://product.m.360che.com/s27/6751_63_index.html,一汽红塔,解放经典1系 自卸车,解放经典1系
http://product.m.360che.com/s27/6801_64_index.html,东风福瑞卡(全新),福瑞卡490 载货车,福瑞卡490
http://product.m.360che.com/s26/6705_63_index.html,唐骏汽车,唐骏T7 自卸车,唐骏T7
http://product.m.360che.com/s27/6929_64_index.html,徐工重卡,T系列 载货车,T系列
http://product.m.360che.com/s25/6462_64_index.html,庆铃,五十铃VC46 载货车,五十铃VC46
http://product.m.360che.com/s2/701_63_index.html,江淮格尔发,格尔发K3 自卸车,格尔发K3
http://product.m.360che.com/s27/6754_64_index.html,唐骏汽车,唐骏K1 载货车,唐骏K1
http://product.m.360che.com/s27/6887_64_index.html,江淮骏铃,骏铃V3 载货车,骏铃V3
http://product.m.360che.com/s27/6950_64_index.html,缔途汽车,缔途DX 载货车,缔途DX
http://product.m.360che.com/s27/6941_64_index.html,江铃汽车,凯运升级版 载货车,凯运升级版
http://product.m.360che.com/s27/6890_64_index.html,湖北大运,运途 载货车,运途
http://product.m.360che.com/s27/6929_63_index.html,徐工重卡,T系列 自卸车,T系列
http://product.m.360che.com/s27/6874_64_index.html,陕汽商用车,轩德E9 载货车,轩德E9
http://product.m.360che.com/s26/6745_63_index.html,唐骏汽车,唐骏T6 自卸车,唐骏T6
http://product.m.360che.com/s27/6875_64_index.html,东风专底,东风专底 载货车,东风专底
http://product.m.360che.com/s4/1185_63_index.html,黑豹,黑豹 自卸车,黑豹
http://product.m.360che.com/s27/6876_63_index.html,江淮骏铃,骏铃G 自卸车,骏铃G
http://product.m.360che.com/s27/6768_64_index.html,东风电动轻卡,EV350 载货车,EV350
http://product.m.360che.com/s27/6959_63_index.html,徐工重卡,Z系列 自卸车,Z系列
http://product.m.360che.com/s27/6839_63_index.html,川交汽车,川交 自卸车,川交
http://product.m.360che.com/s27/6949_60_index.html,长丰汽车,猎豹CT7 皮卡,猎豹CT7
http://product.m.360che.com/s27/6976_66_index.html,江铃重汽,福特Cargo 牵引车,福特Cargo
http://product.m.360che.com/s27/6979_60_index.html,江淮皮卡,帅铃V6 皮卡,帅铃V6
http://product.m.360che.com/s27/6923_64_index.html,福田欧马可,欧马可S3 载货车,欧马可S3
http://product.m.360che.com/s27/6888_64_index.html,江淮骏铃,骏铃V5 载货车,骏铃V5
http://product.m.360che.com/s27/6965_64_index.html,东风柳汽,乘龙L3 载货车,乘龙L3
http://product.m.360che.com/s27/6791_64_index.html,江淮格尔发,格尔发K6 载货车,格尔发K6
http://product.m.360che.com/s27/6760_64_index.html,比亚迪,T5 载货车,T5
http://product.m.360che.com/s27/6957_64_index.html,凯马,K22 载货车,K22
http://product.m.360che.com/s27/6846_63_index.html,福田瑞沃,瑞沃重型 自卸车,瑞沃重型
http://product.m.360che.com/s27/6878_63_index.html,江淮康铃,康铃G 自卸车,康铃G
http://product.m.360che.com/s26/6734_64_index.html,四川现代,瑞宇 载货车,瑞宇
http://product.m.360che.com/s27/6924_64_index.html,东风捍蓝,4.5T 载货车,4.5T
http://product.m.360che.com/s27/6808_64_index.html,一汽凌源,城市之星 载货车,城市之星
http://product.m.360che.com/s27/6801_63_index.html,东风福瑞卡(全新),福瑞卡490 自卸车,福瑞卡490
http://product.m.360che.com/s27/6983_64_index.html,江淮骏铃,骏铃V9 载货车,骏铃V9
http://product.m.360che.com/s27/6904_64_index.html,时骏,时骏F530 载货车,时骏F530
http://product.m.360che.com/s27/6807_63_index.html,东风神宇,擎宇 自卸车,擎宇
http://product.m.360che.com/s25/6499_63_index.html,四川现代,瑞康 自卸车,瑞康
http://product.m.360che.com/s25/6450_63_index.html,一汽红塔,解放金铃 自卸车,解放金铃
http://product.m.360che.com/s27/6861_66_index.html,一拖重卡,一拖重卡 牵引车,一拖重卡
http://product.m.360che.com/s27/6922_64_index.html,四川现代,致道300M 载货车,致道300M
http://product.m.360che.com/s27/6932_64_index.html,远程汽车,远程 载货车,远程
http://product.m.360che.com/s26/6747_64_index.html,湖北大运,风度 载货车,风度
http://product.m.360che.com/s27/6867_64_index.html,奥驰汽车,奥驰M系 载货车,奥驰M系
http://product.m.360che.com/s27/6929_66_index.html,徐工重卡,T系列 牵引车,T系列
http://product.m.360che.com/s27/6931_64_index.html,福田欧马可,欧马可S5 载货车,欧马可S5
http://product.m.360che.com/s26/6747_63_index.html,湖北大运,风度 自卸车,风度
http://product.m.360che.com/s27/6953_64_index.html,东风凯普特,凯普特K6 载货车,凯普特K6
http://product.m.360che.com/s27/6779_66_index.html,长征汽车,途骥 牵引车,途骥
http://product.m.360che.com/s27/6880_64_index.html,昌河,福瑞达K22 载货车,福瑞达K22
http://product.m.360che.com/s27/6804_63_index.html,东风福瑞卡(全新),福瑞卡4110 自卸车,福瑞卡4110
http://product.m.360che.com/s25/6424_64_index.html,福田瑞沃,骁运 载货车,骁运
http://product.m.360che.com/s27/6757_64_index.html,重汽HOWO轻卡,G5X 载货车,G5X
http://product.m.360che.com/s26/6626_60_index.html,四川现代,瑞逸 皮卡,瑞逸
http://product.m.360che.com/s27/6901_64_index.html,时骏,时骏F150 载货车,时骏F150
http://product.m.360che.com/s27/6925_64_index.html,远程汽车,远程E200 载货车,远程E200
http://product.m.360che.com/s27/6845_63_index.html,凯马,奥峰神力王 自卸车,奥峰神力王
http://product.m.360che.com/s27/6920_64_index.html,缔途汽车,缔途GX 载货车,缔途GX
http://product.m.360che.com/s27/6952_63_index.html,三一重工,V5 自卸车,V5
http://product.m.360che.com/s27/6879_66_index.html,一汽解放,解放J7 牵引车,解放J7
http://product.m.360che.com/s15/3943_64_index.html,重汽豪沃(HOWO),HOWO T7H 载货车,HOWO T7H
http://product.m.360che.com/s27/6862_64_index.html,东风凯普特,凯普特N290 载货车,凯普特N290
http://product.m.360che.com/s27/6792_63_index.html,江淮格尔发,格尔发A3 自卸车,格尔发A3
http://product.m.360che.com/s27/6977_66_index.html,陕汽重卡,HD 牵引车,HD
http://product.m.360che.com/s26/6745_64_index.html,唐骏汽车,唐骏T6 载货车,唐骏T6
http://product.m.360che.com/s27/6792_66_index.html,江淮格尔发,格尔发A3 牵引车,格尔发A3
http://product.m.360che.com/s27/6773_64_index.html,金杯,金驭 载货车,金驭
http://product.m.360che.com/s27/6857_64_index.html,上汽跃进,帅虎H 载货车,帅虎H
http://product.m.360che.com/s27/6782_64_index.html,江淮帅铃,帅铃i3 载货车,帅铃i3
http://product.m.360che.com/s27/6882_64_index.html,江淮骏铃,骏铃V7 载货车,骏铃V7
http://product.m.360che.com/s27/6864_66_index.html,陕汽商用车,轩德X3 牵引车,轩德X3
http://product.m.360che.com/s27/6975_64_index.html,福田奥铃,奥铃T3 载货车,奥铃T3
http://product.m.360che.com/s27/6962_63_index.html,唐骏汽车,金刚王 自卸车,金刚王
http://product.m.360che.com/s26/6743_66_index.html,湖北大运,风驰 牵引车,风驰
http://product.m.360che.com/s2/701_64_index.html,江淮格尔发,格尔发K3 载货车,格尔发K3
http://product.m.360che.com/s27/6968_64_index.html,江铃汽车,顺达宽体 载货车,顺达宽体
http://product.m.360che.com/s27/6930_64_index.html,东风柳汽,新乘龙M3 载货车,新乘龙M3
http://product.m.360che.com/s27/6766_60_index.html,福田皮卡,拓陆者E3 皮卡,拓陆者E3
http://product.m.360che.com/s27/6885_64_index.html,比亚迪,T4 载货车,T4
http://product.m.360che.com/s27/6765_60_index.html,福田皮卡,拓陆者E5 皮卡,拓陆者E5
http://product.m.360che.com/s27/6978_64_index.html,时风,风驰 载货车,风驰
http://product.m.360che.com/s27/6964_64_index.html,江淮骏铃,骏铃E6 载货车,骏铃E6
http://product.m.360che.com/s27/6780_64_index.html,福田奥铃,奥铃EV 载货车,奥铃EV
http://product.m.360che.com/s27/6858_64_index.html,上汽跃进,小福星S 载货车,小福星S
http://product.m.360che.com/s27/6945_64_index.html,江淮骏铃,骏铃E7 载货车,骏铃E7
http://product.m.360che.com/s26/6719_63_index.html,重汽斯太尔,斯太尔D7B 自卸车,斯太尔D7B
http://product.m.360che.com/s27/6978_63_index.html,时风,风驰 自卸车,风驰
http://product.m.360che.com/s27/6955_66_index.html,江淮格尔发,格尔发K7 牵引车,格尔发K7
http://product.m.360che.com/s26/6709_64_index.html,奥驰汽车,奥驰T系 载货车,奥驰T系
http://product.m.360che.com/s27/6886_64_index.html,金杯,领顺 载货车,领顺
